name,difficulty,likes,disslikes,isSolved
minimum-falling-path-sum,Medium,4140,116,0
median-of-two-sorted-arrays,Hard,21053,2374,0
longest-palindromic-substring,Medium,22965,1342,0
zigzag-conversion,Medium,4742,10288,0
regular-expression-matching,Hard,9708,1567,0
container-with-most-water,Medium,21672,1158,0
3sum,Medium,22977,2098,0
3sum-closest,Medium,8314,458,0
letter-combinations-of-a-phone-number,Medium,13451,782,0
4sum,Medium,8251,959,0
generate-parentheses,Medium,16207,630,0
reverse-nodes-in-k-group,Hard,9869,555,0
divide-two-integers,Medium,3759,12243,0
substring-with-concatenation-of-all-words,Hard,418,26,0
next-permutation,Medium,13743,3920,0
longest-valid-parentheses,Hard,10175,323,0
search-in-rotated-sorted-array,Medium,18915,1125,0
find-first-and-last-position-of-element-in-sorted-array,Medium,15005,363,0
sudoku-solver,Hard,7018,188,0
count-and-say,Medium,2788,5881,0
combination-sum,Medium,14362,289,0
combination-sum-ii,Medium,7470,183,0
first-missing-positive,Hard,12585,1505,0
trapping-rain-water,Hard,24185,337,0
multiply-strings,Medium,5510,2403,0
wildcard-matching,Hard,6209,263,0
jump-game-ii,Medium,10263,357,0
permutations,Medium,13955,233,0
permutations-ii,Medium,6829,121,0
group-anagrams,Medium,13506,398,0
n-queens,Hard,8903,197,0
n-queens-ii,Hard,2942,235,0
spiral-matrix,Medium,9812,965,0
jump-game,Medium,13918,738,0
insert-interval,Medium,6412,450,0
spiral-matrix-ii,Medium,4439,200,0
permutation-sequence,Hard,5087,427,0
rotate-list,Medium,6876,1325,0
unique-paths,Medium,12471,361,0
unique-paths-ii,Medium,6315,423,0
minimum-path-sum,Medium,9116,118,0
valid-number,Hard,811,1396,0
text-justification,Hard,2149,3349,0
simplify-path,Medium,3079,616,0
edit-distance,Hard,10633,120,0
set-matrix-zeroes,Medium,10001,581,0
sort-colors,Medium,13231,482,0
minimum-window-substring,Hard,13831,605,0
combinations,Medium,5419,171,0
subsets,Medium,12945,184,0
word-search,Medium,12334,498,0
remove-duplicates-from-sorted-array-ii,Medium,4352,963,0
search-in-rotated-sorted-array-ii,Medium,5443,805,0
remove-duplicates-from-sorted-list-ii,Medium,7006,186,0
largest-rectangle-in-histogram,Hard,12833,181,0
maximal-rectangle,Hard,7980,128,0
partition-list,Medium,5020,598,0
scramble-string,Hard,1909,976,0
gray-code,Medium,1738,2431,0
subsets-ii,Medium,7144,201,0
decode-ways,Medium,9250,4149,0
reverse-linked-list-ii,Medium,8399,373,0
restore-ip-addresses,Medium,3274,664,0
unique-binary-search-trees-ii,Medium,5566,363,0
unique-binary-search-trees,Medium,8526,338,0
interleaving-string,Medium,6047,371,0
recover-binary-search-tree,Medium,6439,216,0
binary-tree-zigzag-level-order-traversal,Medium,7756,204,0
construct-binary-tree-from-preorder-and-inorder-traversal,Medium,11685,335,0
construct-binary-tree-from-inorder-and-postorder-traversal,Medium,5567,84,0
distinct-subsequences,Hard,4731,189,0
populating-next-right-pointers-in-each-node,Medium,8054,272,0
populating-next-right-pointers-in-each-node-ii,Medium,5008,292,0
triangle,Medium,7308,453,0
best-time-to-buy-and-sell-stock-ii,Medium,9863,2480,0
best-time-to-buy-and-sell-stock-iii,Hard,7400,143,0
binary-tree-maximum-path-sum,Hard,13079,614,0
word-ladder-ii,Hard,4970,634,0
word-ladder,Hard,9573,1749,0
longest-consecutive-sequence,Medium,14251,583,0
sum-root-to-leaf-numbers,Medium,5198,95,0
surrounded-regions,Medium,6250,1399,0
palindrome-partitioning,Medium,8833,280,0
palindrome-partitioning-ii,Hard,4282,99,0
clone-graph,Medium,7114,2908,0
gas-station,Medium,7490,693,0
candy,Hard,4942,329,0
single-number-ii,Medium,5021,524,0
copy-list-with-random-pointer,Medium,10399,1107,0
word-break,Medium,12963,545,0
word-break-ii,Hard,5661,494,0
reorder-list,Medium,7755,267,0
lru-cache,Medium,16004,693,0
insertion-sort-list,Medium,2416,823,0
sort-list,Medium,8795,270,0
max-points-on-a-line,Hard,1683,256,0
evaluate-reverse-polish-notation,Medium,4323,755,0
maximum-product-subarray,Medium,14571,429,0
find-minimum-in-rotated-sorted-array,Medium,9190,443,0
find-minimum-in-rotated-sorted-array-ii,Hard,3610,405,0
min-stack,Medium,10308,692,0
binary-tree-upside-down,Medium,199,287,0
read-n-characters-given-read4,Easy,527,3215,0
read-n-characters-given-read4-ii-call-multiple-times,Hard,831,1732,0
longest-substring-with-at-most-two-distinct-characters,Medium,1976,31,0
one-edit-distance,Medium,1233,170,0
find-peak-element,Medium,8026,4128,0
missing-ranges,Easy,877,2718,0
maximum-gap,Hard,2553,317,0
compare-version-numbers,Medium,1821,2397,0
fraction-to-recurring-decimal,Medium,1800,3289,0
two-sum-iii-data-structure-design,Easy,601,404,0
factorial-trailing-zeroes,Medium,2388,1778,0
dungeon-game,Hard,4763,87,0
combine-two-tables,Easy,2548,204,0
second-highest-salary,Medium,2519,796,0
nth-highest-salary,Medium,1419,750,0
rank-scores,Medium,1646,227,0
largest-number,Medium,6153,511,0
consecutive-numbers,Medium,1340,215,0
employees-earning-more-than-their-managers,Easy,1857,188,0
duplicate-emails,Easy,1478,53,0
customers-who-never-order,Easy,1775,100,0
department-highest-salary,Medium,1486,167,0
department-top-three-salaries,Hard,1340,197,0
reverse-words-in-a-string-ii,Medium,928,135,0
best-time-to-buy-and-sell-stock-iv,Hard,5909,193,0
rotate-array,Medium,12365,1469,0
word-frequency,Medium,439,276,0
valid-phone-numbers,Easy,329,818,0
transpose-file,Medium,123,259,0
delete-duplicate-emails,Easy,761,143,0
rising-temperature,Easy,1313,432,0
house-robber,Medium,15548,305,0
binary-tree-right-side-view,Medium,9088,540,0
number-of-islands,Medium,18164,411,0
bitwise-and-of-numbers-range,Medium,2595,192,0
count-primes,Medium,6093,1177,0
course-schedule,Medium,12101,477,0
implement-trie-prefix-tree,Medium,8686,106,0
minimum-size-subarray-sum,Medium,8370,233,0
course-schedule-ii,Medium,8350,274,0
design-add-and-search-words-data-structure,Medium,5695,334,0
word-search-ii,Hard,8002,370,0
house-robber-ii,Medium,7350,108,0
combination-sum-iii,Medium,4427,92,0
the-skyline-problem,Hard,5220,241,0
contains-duplicate-iii,Hard,348,6,0
maximal-square,Medium,8327,180,0
count-complete-tree-nodes,Medium,6902,390,0
rectangle-area,Medium,1694,1541,0
basic-calculator,Hard,5055,381,0
basic-calculator-ii,Medium,5138,658,0
kth-smallest-element-in-a-bst,Medium,8901,158,0
number-of-digit-one,Hard,969,1209,0
lowest-common-ancestor-of-a-binary-tree,Medium,13083,315,0
product-of-array-except-self,Medium,15629,870,0
sliding-window-maximum,Hard,13036,425,0
search-a-2d-matrix-ii,Medium,9670,159,0
different-ways-to-add-parentheses,Medium,4394,222,0
shortest-word-distance,Easy,1155,99,0
shortest-word-distance-ii,Medium,975,297,0
shortest-word-distance-iii,Medium,395,91,0
strobogrammatic-number,Easy,520,920,0
strobogrammatic-number-ii,Medium,835,215,0
strobogrammatic-number-iii,Hard,287,179,0
group-shifted-strings,Medium,1447,280,0
count-univalue-subtrees,Medium,1051,364,0
flatten-2d-vector,Medium,658,362,0
meeting-rooms,Easy,1706,86,0
meeting-rooms-ii,Medium,6259,135,0
factor-combinations,Medium,1011,59,0
verify-preorder-sequence-in-binary-search-tree,Medium,1032,76,0
paint-house,Medium,2084,127,0
3sum-smaller,Medium,1388,127,0
single-number-iii,Medium,4563,202,0
graph-valid-tree,Medium,2867,78,0
trips-and-users,Hard,925,546,0
ugly-number,Easy,2561,1434,0
ugly-number-ii,Medium,4980,245,0
paint-house-ii,Hard,1120,33,0
palindrome-permutation,Easy,942,67,0
palindrome-permutation-ii,Medium,790,90,0
alien-dictionary,Hard,3988,845,0
closest-binary-search-tree-value,Easy,1589,91,0
encode-and-decode-strings,Medium,1087,302,0
closest-binary-search-tree-value-ii,Hard,1192,38,0
integer-to-english-words,Hard,2495,5647,0
h-index,Medium,1413,2038,0
h-index-ii,Medium,825,1195,0
paint-fence,Medium,1379,369,0
find-the-celebrity,Medium,2565,245,0
perfect-squares,Medium,8830,388,0
wiggle-sort,Medium,992,84,0
zigzag-iterator,Medium,610,35,0
expression-add-operators,Hard,2787,500,0
peeking-iterator,Medium,1673,971,0
inorder-successor-in-bst,Medium,2339,84,0
walls-and-gates,Medium,2768,49,0
find-the-duplicate-number,Medium,17427,2392,0
unique-word-abbreviation,Medium,176,1730,0
game-of-life,Medium,5368,469,0
word-pattern,Easy,4305,487,0
word-pattern-ii,Medium,804,63,0
nim-game,Easy,1280,2417,0
flip-game,Easy,179,411,0
flip-game-ii,Medium,560,55,0
find-median-from-data-stream,Hard,9589,187,0
best-meeting-point,Hard,1020,85,0
serialize-and-deserialize-binary-tree,Hard,8162,300,0
binary-tree-longest-consecutive-sequence,Medium,1040,230,0
bulls-and-cows,Medium,1822,1590,0
longest-increasing-subsequence,Medium,15868,291,0
remove-invalid-parentheses,Hard,5233,257,0
smallest-rectangle-enclosing-black-pixels,Hard,481,94,0
range-sum-query-2d-immutable,Medium,4123,314,0
number-of-islands-ii,Hard,1568,53,0
additive-number,Medium,875,698,0
range-sum-query-2d-mutable,Hard,725,84,0
best-time-to-buy-and-sell-stock-with-cooldown,Medium,6989,236,0
minimum-height-trees,Medium,6246,269,0
sparse-matrix-multiplication,Medium,933,328,0
burst-balloons,Hard,7162,184,0
super-ugly-number,Medium,1779,324,0
binary-tree-vertical-order-traversal,Medium,2830,289,0
count-of-smaller-numbers-after-self,Hard,7719,211,0
remove-duplicate-letters,Medium,6302,407,0
shortest-distance-from-all-buildings,Hard,1724,224,0
maximum-product-of-word-lengths,Medium,3126,124,0
bulb-switcher,Medium,1111,1823,0
generalized-abbreviation,Medium,645,216,0
create-maximum-number,Hard,1585,328,0
coin-change,Medium,14767,341,0
number-of-connected-components-in-an-undirected-graph,Medium,2349,80,0
wiggle-sort-ii,Medium,2520,871,0
maximum-size-subarray-sum-equals-k,Medium,1846,56,0
count-of-range-sum,Hard,1882,197,0
longest-increasing-path-in-a-matrix,Hard,7532,111,0
patching-array,Hard,1236,122,0
verify-preorder-serialization-of-a-binary-tree,Medium,1962,101,0
reconstruct-itinerary,Hard,4412,1634,0
largest-bst-subtree,Medium,1353,107,0
increasing-triplet-subsequence,Medium,6048,268,0
self-crossing,Hard,297,474,0
palindrome-pairs,Hard,4079,426,0
house-robber-iii,Medium,7209,108,0
nested-list-weight-sum,Medium,1547,353,0
longest-substring-with-at-most-k-distinct-characters,Medium,2529,76,0
flatten-nested-list-iterator,Medium,4050,1401,0
integer-break,Medium,3367,351,0
reverse-vowels-of-a-string,Easy,3028,2320,0
moving-average-from-data-stream,Easy,1450,144,0
top-k-frequent-elements,Medium,12070,441,0
design-tic-tac-toe,Medium,1860,110,0
android-unlock-patterns,Medium,129,139,0
data-stream-as-disjoint-intervals,Hard,732,166,0
design-snake-game,Medium,821,285,0
russian-doll-envelopes,Hard,4789,115,0
design-twitter,Medium,2703,348,0
line-reflection,Medium,241,511,0
count-numbers-with-unique-digits,Medium,1151,1344,0
rearrange-string-k-distance-apart,Hard,828,36,0
logger-rate-limiter,Easy,1499,180,0
sort-transformed-array,Medium,627,193,0
bomb-enemy,Medium,863,100,0
design-hit-counter,Medium,1783,183,0
max-sum-of-rectangle-no-larger-than-k,Hard,3151,160,0
nested-list-weight-sum-ii,Medium,1079,385,0
water-and-jug-problem,Medium,1048,1283,0
find-leaves-of-binary-tree,Medium,2967,50,0
valid-perfect-square,Easy,3096,265,0
largest-divisible-subset,Medium,3962,164,0
plus-one-linked-list,Medium,841,42,0
range-addition,Medium,1468,73,0
sum-of-two-integers,Medium,3189,4503,0
super-pow,Medium,629,1237,0
find-k-pairs-with-smallest-sums,Medium,3742,223,0
guess-number-higher-or-lower-ii,Medium,1739,1934,0
wiggle-subsequence,Medium,4461,144,0
combination-sum-iv,Medium,5358,555,0
design-phone-directory,Medium,303,434,0
insert-delete-getrandom-o1-duplicates-allowed,Hard,1955,132,0
linked-list-random-node,Medium,1907,465,0
shuffle-an-array,Medium,1028,796,0
mini-parser,Medium,403,1224,0
lexicographical-numbers,Medium,1544,124,0
longest-absolute-file-path,Medium,1114,2292,0
elimination-game,Medium,1084,601,0
perfect-rectangle,Hard,676,102,0
is-subsequence,Easy,6405,361,0
utf-8-validation,Medium,834,2771,0
decode-string,Medium,9939,441,0
longest-substring-with-at-least-k-repeating-characters,Medium,4875,392,0
rotate-function,Medium,1059,233,0
integer-replacement,Medium,1024,455,0
random-pick-index,Medium,1060,1166,0
evaluate-division,Medium,6693,583,0
nth-digit,Medium,795,1713,0
binary-watch,Easy,1108,2072,0
remove-k-digits,Medium,6972,290,0
frog-jump,Hard,3401,182,0
queue-reconstruction-by-height,Medium,6512,654,0
trapping-rain-water-ii,Hard,3210,73,0
valid-word-abbreviation,Easy,547,1884,0
longest-palindrome,Easy,4040,239,0
split-array-largest-sum,Hard,7273,166,0
minimum-unique-word-abbreviation,Hard,171,140,0
arithmetic-slices,Medium,4501,267,0
third-maximum-number,Easy,2161,2600,0
partition-equal-subset-sum,Medium,9453,156,0
pacific-atlantic-water-flow,Medium,5897,1120,0
sentence-screen-fitting,Medium,998,505,0
battleships-in-a-board,Medium,1842,853,0
strong-password-checker,Hard,622,1461,0
maximum-xor-of-two-numbers-in-an-array,Medium,4593,347,0
valid-word-square,Easy,315,189,0
reconstruct-original-digits-from-english,Medium,697,2350,0
longest-repeating-character-replacement,Medium,6869,267,0
word-squares,Hard,1006,66,0
convert-binary-search-tree-to-sorted-doubly-linked-list,Medium,2378,184,0
construct-quad-tree,Medium,570,772,0
serialize-and-deserialize-n-ary-tree,Hard,957,54,0
flatten-a-multilevel-doubly-linked-list,Medium,4327,286,0
encode-n-ary-tree-to-binary-tree,Hard,464,24,0
all-oone-data-structure,Hard,1303,150,0
minimum-genetic-mutation,Medium,2318,247,0
number-of-segments-in-a-string,Easy,570,1089,0
non-overlapping-intervals,Medium,5189,146,0
find-right-interval,Medium,1509,281,0
path-sum-iii,Medium,9007,433,0
find-all-anagrams-in-a-string,Medium,9273,287,0
ternary-expression-parser,Medium,360,45,0
k-th-smallest-in-lexicographical-order,Hard,646,76,0
arranging-coins,Easy,2887,1147,0
find-all-duplicates-in-an-array,Medium,7748,296,0
string-compression,Medium,2669,4740,0
sequence-reconstruction,Medium,504,1446,0
add-two-numbers-ii,Medium,4155,243,0
arithmetic-slices-ii-subsequence,Hard,2177,113,0
number-of-boomerangs,Medium,687,928,0
serialize-and-deserialize-bst,Medium,3066,148,0
delete-node-in-a-bst,Medium,6695,172,0
sort-characters-by-frequency,Medium,6111,222,0
minimum-number-of-arrows-to-burst-balloons,Medium,3938,113,0
minimum-moves-to-equal-array-elements,Medium,2012,1787,0
4sum-ii,Medium,4262,123,0
132-pattern,Medium,5257,300,0
circular-array-loop,Medium,479,454,0
poor-pigs,Hard,1339,2748,0
lfu-cache,Hard,3918,239,0
minimum-moves-to-equal-array-elements-ii,Medium,2860,109,0
can-i-win,Medium,2156,335,0
optimal-account-balancing,Hard,1254,119,0
count-the-repetitions,Hard,349,292,0
unique-substrings-in-wraparound-string,Medium,1225,153,0
validate-ip-address,Medium,794,2536,0
convex-polygon,Medium,90,226,0
implement-rand10-using-rand7,Medium,959,322,0
encode-string-with-shortest-length,Hard,596,46,0
concatenated-words,Hard,2367,237,0
matchsticks-to-square,Medium,3325,262,0
ones-and-zeroes,Medium,4556,414,0
heaters,Medium,1619,1082,0
total-hamming-distance,Medium,1873,85,0
generate-random-point-in-a-circle,Medium,390,710,0
largest-palindrome-product,Hard,145,1495,0
sliding-window-median,Hard,2630,151,0
magical-string,Medium,225,1053,0
license-key-formatting,Easy,892,1206,0
smallest-good-base,Hard,318,454,0
find-permutation,Medium,634,119,0
predict-the-winner,Medium,3554,173,0
max-consecutive-ones-ii,Medium,1313,23,0
zuma-game,Hard,379,444,0
robot-room-cleaner,Hard,2529,157,0
the-maze,Medium,1564,162,0
increasing-subsequences,Medium,1782,161,0
construct-the-rectangle,Easy,507,344,0
reverse-pairs,Hard,4262,214,0
target-sum,Medium,8484,303,0
random-point-in-non-overlapping-rectangles,Medium,413,628,0
diagonal-traverse,Medium,2720,591,0
the-maze-iii,Hard,405,65,0
ipo,Hard,986,88,0
next-greater-element-ii,Medium,5963,165,0
the-maze-ii,Medium,1166,51,0
most-frequent-subtree-sum,Medium,1832,268,0
inorder-successor-in-bst-ii,Medium,805,38,0
game-play-analysis-i,Easy,468,19,0
game-play-analysis-ii,Easy,214,36,0
find-bottom-left-tree-value,Medium,2656,237,0
freedom-trail,Hard,783,35,0
find-largest-value-in-each-tree-row,Medium,2460,92,0
longest-palindromic-subsequence,Medium,6620,271,0
super-washing-machines,Hard,621,198,0
coin-change-ii,Medium,6555,120,0
random-flip-matrix,Medium,343,95,0
longest-uncommon-subsequence-i,Easy,664,5939,0
longest-uncommon-subsequence-ii,Medium,422,1160,0
continuous-subarray-sum,Medium,4274,415,0
longest-word-in-dictionary-through-deleting,Medium,1526,342,0
contiguous-array,Medium,6017,242,0
beautiful-arrangement,Medium,2636,324,0
word-abbreviation,Hard,369,273,0
random-pick-with-weight,Medium,1216,529,0
minesweeper,Medium,1644,943,0
lonely-pixel-i,Medium,384,40,0
k-diff-pairs-in-an-array,Medium,3056,2147,0
lonely-pixel-ii,Medium,78,724,0
game-play-analysis-iii,Medium,326,15,0
encode-and-decode-tinyurl,Medium,1735,3334,0
construct-binary-tree-from-string,Medium,971,150,0
complex-number-multiplication,Medium,584,1186,0
convert-bst-to-greater-tree,Medium,4624,165,0
minimum-time-difference,Medium,1372,234,0
single-element-in-a-sorted-array,Medium,6673,116,0
01-matrix,Medium,6180,301,0
output-contest-matches,Medium,369,119,0
boundary-of-binary-tree,Medium,1222,1958,0
remove-boxes,Hard,1815,102,0
number-of-provinces,Medium,6679,277,0
split-array-with-equal-sum,Hard,394,128,0
binary-tree-longest-consecutive-sequence-ii,Medium,1061,85,0
game-play-analysis-iv,Medium,279,74,0
student-attendance-record-ii,Hard,1476,241,0
optimal-division,Medium,308,1470,0
brick-wall,Medium,2028,112,0
split-concatenated-strings,Medium,70,243,0
next-greater-element-iii,Medium,2887,392,0
logical-or-of-two-binary-grids-represented-as-quad-trees,Medium,156,446,0
subarray-sum-equals-k,Medium,16471,486,0
array-partition,Easy,1325,189,0
longest-line-of-consecutive-one-in-matrix,Medium,819,106,0
find-the-closest-palindrome,Hard,571,1272,0
array-nesting,Medium,2009,148,0
permutation-in-string,Medium,7714,257,0
maximum-vacation-days,Hard,530,100,0
median-employee-salary,Hard,276,143,0
managers-with-at-least-5-direct-reports,Medium,276,39,0
find-median-given-frequency-of-numbers,Hard,261,71,0
squirrel-simulation,Medium,320,34,0
winning-candidate,Medium,146,401,0
out-of-boundary-paths,Medium,2878,227,0
employee-bonus,Easy,176,100,0
get-highest-answer-rate-question,Medium,100,873,0
find-cumulative-salary-of-an-employee,Hard,190,389,0
count-student-number-in-departments,Medium,217,35,0
shortest-unsorted-continuous-subarray,Medium,7026,245,0
kill-process,Medium,1020,19,0
delete-operation-for-two-strings,Medium,4699,71,0
find-customer-referee,Easy,750,253,0
investments-in-2016,Medium,218,234,0
customer-placing-the-largest-number-of-orders,Easy,557,33,0
erect-the-fence,Hard,1305,625,0
design-in-memory-file-system,Hard,1297,139,0
tag-validator,Hard,148,615,0
fraction-addition-and-subtraction,Medium,338,474,0
valid-square,Medium,837,833,0
longest-harmonious-subsequence,Easy,1788,166,0
big-countries,Easy,1473,1052,0
classes-more-than-5-students,Easy,610,977,0
friend-requests-i-overall-acceptance-rate,Easy,274,677,0
non-negative-integers-without-consecutive-ones,Hard,1232,118,0
human-traffic-of-stadium,Hard,453,521,0
friend-requests-ii-who-has-the-most-friends,Medium,275,76,0
consecutive-available-seats,Easy,545,52,0
design-compressed-string-iterator,Easy,394,138,0
can-place-flowers,Easy,3373,701,0
sales-person,Easy,671,66,0
tree-node,Medium,822,97,0
find-duplicate-file-in-system,Medium,1422,1600,0
triangle-judgement,Easy,227,58,0
valid-triangle-number,Medium,3119,175,0
shortest-distance-in-a-plane,Medium,193,65,0
shortest-distance-in-a-line,Easy,282,37,0
second-degree-follower,Medium,132,725,0
average-salary-departments-vs-company,Hard,201,67,0
add-bold-tag-in-string,Medium,962,172,0
students-report-by-geography,Hard,145,152,0
biggest-single-number,Easy,147,122,0
not-boring-movies,Easy,605,421,0
task-scheduler,Medium,7733,1521,0
design-circular-queue,Medium,2930,239,0
add-one-row-to-tree,Medium,2625,222,0
maximum-distance-in-arrays,Medium,611,62,0
minimum-factorization,Medium,121,106,0
exchange-seats,Medium,870,401,0
swap-salary,Easy,1331,542,0
maximum-product-of-three-numbers,Easy,3366,572,0
k-inverse-pairs-array,Hard,1865,215,0
course-schedule-iii,Hard,3358,88,0
design-excel-sum-formula,Hard,204,240,0
smallest-range-covering-elements-from-k-lists,Hard,2726,46,0
sum-of-square-numbers,Medium,1883,503,0
find-the-derangement-of-an-array,Medium,199,157,0
design-log-storage-system,Medium,447,189,0
exclusive-time-of-functions,Medium,1737,2552,0
shopping-offers,Medium,1205,686,0
decode-ways-ii,Hard,1301,780,0
solve-the-equation,Medium,405,760,0
design-circular-deque,Medium,917,67,0
design-search-autocomplete-system,Hard,1961,137,0
maximum-average-subarray-i,Easy,2067,173,0
maximum-average-subarray-ii,Hard,570,64,0
set-mismatch,Easy,3367,781,0
maximum-length-of-pair-chain,Medium,2732,109,0
palindromic-substrings,Medium,8437,182,0
replace-words,Medium,1832,162,0
dota2-senate,Medium,488,343,0
2-keys-keyboard,Medium,2941,179,0
4-keys-keyboard,Medium,548,78,0
find-duplicate-subtrees,Medium,3880,330,0
maximum-binary-tree,Medium,4366,311,0
print-binary-tree,Medium,308,332,0
coin-path,Hard,231,105,0
find-k-closest-elements,Medium,6455,525,0
remove-9,Hard,151,196,0
maximum-width-of-binary-tree,Medium,5992,838,0
equal-tree-partition,Medium,445,35,0
strange-printer,Hard,997,92,0
non-decreasing-array,Medium,5160,743,0
path-sum-iv,Medium,315,401,0
beautiful-arrangement-ii,Medium,718,1003,0
kth-smallest-number-in-multiplication-table,Hard,1825,51,0
trim-a-binary-search-tree,Medium,5191,246,0
maximum-swap,Medium,2840,164,0
bulb-switcher-ii,Medium,71,126,0
number-of-longest-increasing-subsequence,Medium,4431,198,0
longest-continuous-increasing-subsequence,Easy,1967,168,0
cut-off-trees-for-golf-event,Hard,1039,618,0
implement-magic-dictionary,Medium,1188,191,0
map-sum-pairs,Medium,1411,138,0
valid-parenthesis-string,Medium,4033,97,0
24-game,Hard,1314,231,0
next-closest-time,Medium,685,1016,0
baseball-game,Easy,2014,1734,0
k-empty-slots,Hard,760,675,0
redundant-connection,Medium,4781,331,0
redundant-connection-ii,Hard,1919,288,0
repeated-string-match,Medium,1851,926,0
longest-univalue-path,Medium,3627,641,0
knight-probability-in-chessboard,Medium,2333,324,0
maximum-sum-of-3-non-overlapping-subarrays,Hard,1754,100,0
employee-importance,Medium,1820,1285,0
stickers-to-spell-word,Hard,916,76,0
top-k-frequent-words,Medium,6534,305,0
number-of-distinct-islands,Medium,2001,125,0
max-area-of-island,Medium,8342,184,0
count-binary-substrings,Easy,3408,736,0
partition-to-k-equal-sum-subsets,Medium,5936,407,0
falling-squares,Hard,529,72,0
search-in-a-sorted-array-of-unknown-size,Medium,816,42,0
design-linked-list,Medium,1924,1345,0
insert-into-a-sorted-circular-linked-list,Medium,1025,677,0
random-pick-with-blacklist,Hard,739,100,0
number-of-distinct-islands-ii,Hard,231,233,0
minimum-ascii-delete-sum-for-two-strings,Medium,2311,68,0
subarray-product-less-than-k,Medium,4866,157,0
best-time-to-buy-and-sell-stock-with-transaction-fee,Medium,4851,119,0
range-module,Hard,1187,93,0
max-stack,Hard,1765,490,0
maximum-length-of-repeated-subarray,Medium,5853,148,0
find-k-th-smallest-pair-distance,Hard,2441,76,0
longest-word-in-dictionary,Medium,1626,1402,0
accounts-merge,Medium,5091,879,0
remove-comments,Medium,626,1641,0
candy-crush,Medium,889,430,0
split-linked-list-in-parts,Medium,2200,215,0
number-of-atoms,Hard,1085,270,0
minimum-window-subsequence,Hard,1327,81,0
count-different-palindromic-subsequences,Hard,1614,85,0
my-calendar-ii,Medium,1487,136,0
my-calendar-iii,Hard,1759,248,0
flood-fill,Easy,6126,588,0
sentence-similarity,Easy,307,479,0
asteroid-collision,Medium,4432,383,0
parse-lisp-expression,Hard,420,324,0
sentence-similarity-ii,Medium,770,43,0
monotone-increasing-digits,Medium,1096,92,0
daily-temperatures,Medium,8757,203,0
delete-and-earn,Medium,5908,313,0
cherry-pickup,Hard,3360,132,0
closest-leaf-in-a-binary-tree,Medium,802,161,0
network-delay-time,Medium,5827,325,0
find-smallest-letter-greater-than-target,Easy,2442,1927,0
prefix-and-suffix-search,Hard,2073,462,0
min-cost-climbing-stairs,Easy,8444,1328,0
shortest-completing-word,Easy,402,943,0
contain-virus,Hard,305,420,0
number-of-corner-rectangles,Medium,597,90,0
ip-to-cidr,Medium,47,170,0
open-the-lock,Medium,3367,123,0
cracking-the-safe,Hard,353,65,0
reach-a-number,Medium,1426,715,0
pour-water,Medium,283,680,0
pyramid-transition-matrix,Medium,480,451,0
set-intersection-size-at-least-two,Hard,582,67,0
bold-words-in-string,Medium,251,121,0
employee-free-time,Hard,1659,111,0
find-anagram-mappings,Easy,511,203,0
special-binary-string,Hard,606,185,0
partition-labels,Medium,8900,337,0
largest-plus-sign,Medium,1258,206,0
couples-holding-hands,Hard,1974,97,0
reorganize-string,Medium,5676,195,0
max-chunks-to-make-sorted-ii,Hard,1522,44,0
max-chunks-to-make-sorted,Medium,2336,206,0
basic-calculator-iv,Hard,135,1309,0
basic-calculator-iii,Hard,985,263,0
sliding-puzzle,Hard,1752,45,0
minimize-max-distance-to-gas-station,Hard,614,88,0
global-and-local-inversions,Medium,1478,344,0
split-bst,Medium,942,96,0
swap-adjacent-in-lr-string,Medium,1035,846,0
swim-in-rising-water,Hard,2709,178,0
k-th-symbol-in-grammar,Medium,2270,277,0
reaching-points,Hard,1172,189,0
rabbits-in-forest,Medium,937,528,0
transform-to-chessboard,Hard,316,289,0
letter-case-permutation,Medium,3969,150,0
is-graph-bipartite,Medium,5859,294,0
k-th-smallest-prime-fraction,Medium,966,44,0
cheapest-flights-within-k-stops,Medium,6282,287,0
rotated-digits,Medium,633,1809,0
escape-the-ghosts,Medium,184,20,0
domino-and-tromino-tiling,Medium,1804,634,0
custom-sort-string,Medium,2344,307,0
number-of-matching-subsequences,Medium,4847,205,0
preimage-size-of-factorial-zeroes-function,Hard,351,81,0
valid-tic-tac-toe-state,Medium,474,1068,0
number-of-subarrays-with-bounded-maximum,Medium,1916,105,0
all-paths-from-source-to-target,Medium,5321,126,0
smallest-rotation-with-highest-score,Hard,447,34,0
champagne-tower,Medium,2518,137,0
similar-rgb-color,Easy,100,650,0
minimum-swaps-to-make-sequences-increasing,Hard,2361,130,0
find-eventual-safe-states,Medium,3117,350,0
bricks-falling-when-hit,Hard,941,177,0
split-array-with-same-average,Hard,1038,124,0
max-increase-to-keep-city-skyline,Medium,2084,463,0
soup-servings,Medium,303,829,0
expressive-words,Medium,769,1766,0
chalkboard-xor-game,Hard,164,253,0
subdomain-visit-count,Medium,1322,1230,0
largest-triangle-area,Easy,441,1469,0
largest-sum-of-averages,Medium,1761,90,0
binary-tree-pruning,Medium,4052,106,0
bus-routes,Hard,2718,72,0
ambiguous-coordinates,Medium,283,620,0
linked-list-components,Medium,831,1947,0
race-car,Hard,1565,152,0
short-encoding-of-words,Medium,1634,628,0
card-flipping-game,Medium,135,670,0
binary-trees-with-factors,Medium,2428,175,0
friends-of-appropriate-ages,Medium,610,1104,0
most-profit-assigning-work,Medium,1185,118,0
making-a-large-island,Hard,2833,56,0
count-unique-characters-of-all-substrings-of-a-given-string,Hard,1816,237,0
consecutive-numbers-sum,Hard,1180,1324,0
masking-personal-information,Medium,134,412,0
find-and-replace-in-string,Medium,993,894,0
sum-of-distances-in-tree,Hard,3087,66,0
image-overlap,Medium,1190,428,0
rectangle-overlap,Easy,1692,418,0
new-21-game,Medium,1040,701,0
push-dominoes,Medium,3050,183,0
similar-string-groups,Hard,1012,179,0
magic-squares-in-grid,Medium,280,1516,0
keys-and-rooms,Medium,3909,196,0
split-array-into-fibonacci-sequence,Medium,952,276,0
guess-the-word,Hard,1338,1598,0
longest-mountain-in-array,Medium,2293,65,0
hand-of-straights,Medium,1752,137,0
shortest-path-visiting-all-nodes,Hard,2982,136,0
shifting-letters,Medium,1113,109,0
maximize-distance-to-closest-person,Medium,2846,181,0
rectangle-area-ii,Hard,866,56,0
loud-and-rich,Medium,873,655,0
peak-index-in-a-mountain-array,Medium,4257,1756,0
car-fleet,Medium,2053,516,0
k-similar-strings,Hard,972,56,0
exam-room,Medium,1106,421,0
score-of-parentheses,Medium,4815,162,0
minimum-cost-to-hire-k-workers,Hard,1874,233,0
mirror-reflection,Medium,1032,2464,0
buddy-strings,Easy,1682,1074,0
score-after-flipping-matrix,Medium,1282,170,0
shortest-subarray-with-sum-at-least-k,Hard,3508,93,0
all-nodes-distance-k-in-binary-tree,Medium,7825,156,0
shortest-path-to-get-all-keys,Hard,914,39,0
smallest-subtree-with-all-the-deepest-nodes,Medium,2251,342,0
prime-palindrome,Medium,355,747,0
advantage-shuffle,Medium,1404,88,0
minimum-number-of-refueling-stops,Hard,4160,76,0
length-of-longest-fibonacci-subsequence,Medium,1726,61,0
walking-robot-simulation,Medium,133,21,0
koko-eating-bananas,Medium,5593,259,0
stone-game,Medium,2395,2325,0
nth-magical-number,Hard,1087,144,0
profitable-schemes,Hard,558,45,0
decoded-string-at-index,Medium,1274,200,0
boats-to-save-people,Medium,3515,93,0
reachable-nodes-in-subdivided-graph,Hard,647,208,0
spiral-matrix-iii,Medium,658,689,0
possible-bipartition,Medium,2866,66,0
super-egg-drop,Hard,3015,150,0
fair-candy-swap,Easy,1614,294,0
construct-binary-tree-from-preorder-and-postorder-traversal,Medium,2309,96,0
find-and-replace-pattern,Medium,3488,157,0
sum-of-subsequence-widths,Hard,607,160,0
groups-of-special-equivalent-strings,Medium,465,1433,0
all-possible-full-binary-trees,Medium,3308,233,0
maximum-frequency-stack,Hard,4115,62,0
bitwise-ors-of-subarrays,Medium,1171,192,0
orderly-queue,Hard,1584,581,0
rle-iterator,Medium,623,164,0
online-stock-span,Medium,4756,306,0
numbers-at-most-n-given-digit-set,Hard,1167,94,0
valid-permutations-for-di-sequence,Hard,631,38,0
fruit-into-baskets,Medium,1826,129,0
super-palindromes,Hard,319,392,0
sum-of-subarray-minimums,Medium,5671,393,0
snakes-and-ladders,Medium,1067,278,0
smallest-range-ii,Medium,1374,394,0
online-election,Medium,819,575,0
sort-an-array,Medium,3048,586,0
cat-and-mouse,Hard,757,127,0
x-of-a-kind-in-a-deck-of-cards,Easy,1488,364,0
partition-array-into-disjoint-intervals,Medium,1373,70,0
word-subsets,Medium,2506,210,0
maximum-sum-circular-subarray,Medium,3930,181,0
complete-binary-tree-inserter,Medium,902,85,0
number-of-music-playlists,Hard,844,86,0
minimum-add-to-make-parentheses-valid,Medium,3105,167,0
3sum-with-multiplicity,Medium,2412,287,0
minimize-malware-spread,Hard,775,472,0
long-pressed-name,Easy,1973,284,0
flip-string-to-monotone-increasing,Medium,2312,102,0
three-equal-parts,Hard,743,113,0
minimize-malware-spread-ii,Hard,547,78,0
unique-email-addresses,Easy,2104,266,0
binary-subarrays-with-sum,Medium,1775,59,0
beautiful-array,Medium,903,1330,0
shortest-bridge,Medium,3346,145,0
knight-dialer,Medium,1845,377,0
stamping-the-sequence,Hard,1439,213,0
reorder-data-in-log-files,Medium,1929,4249,0
minimum-area-rectangle,Medium,1699,258,0
distinct-subsequences-ii,Hard,1364,29,0
di-string-match,Easy,2010,802,0
find-the-shortest-superstring,Hard,1205,134,0
minimum-increment-to-make-array-unique,Medium,1329,48,0
validate-stack-sequences,Medium,3889,68,0
most-stones-removed-with-same-row-or-column,Medium,4344,592,0
bag-of-tokens,Medium,2109,412,0
largest-time-for-given-digits,Medium,617,962,0
reveal-cards-in-increasing-order,Medium,2139,306,0
flip-equivalent-binary-trees,Medium,1926,87,0
largest-component-size-by-common-factor,Hard,1410,87,0
array-of-doubled-pairs,Medium,1305,132,0
delete-columns-to-make-sorted-ii,Medium,544,79,0
tallest-billboard,Hard,807,28,0
prison-cells-after-n-days,Medium,1349,1636,0
check-completeness-of-a-binary-tree,Medium,2305,32,0
regions-cut-by-slashes,Medium,2554,484,0
delete-columns-to-make-sorted-iii,Hard,498,11,0
maximum-width-ramp,Medium,1379,43,0
minimum-area-rectangle-ii,Medium,337,424,0
least-operators-to-express-number,Hard,279,66,0
vowel-spellchecker,Medium,373,767,0
numbers-with-same-consecutive-differences,Medium,2570,187,0
binary-tree-cameras,Hard,4609,62,0
pancake-sorting,Medium,1247,1350,0
powerful-integers,Medium,295,69,0
flip-binary-tree-to-match-preorder-traversal,Medium,823,255,0
equal-rational-numbers,Hard,78,198,0
k-closest-points-to-origin,Medium,6911,251,0
subarray-sums-divisible-by-k,Medium,3848,151,0
odd-even-jump,Hard,1663,432,0
largest-perimeter-triangle,Easy,2491,348,0
longest-turbulent-subarray,Medium,1533,185,0
distribute-coins-in-binary-tree,Medium,4310,143,0
unique-paths-iii,Hard,3475,149,0
time-based-key-value-store,Medium,3692,347,0
triples-with-bitwise-and-equal-to-zero,Hard,326,198,0
minimum-cost-for-tickets,Medium,5374,91,0
string-without-aaa-or-bbb,Medium,609,346,0
sum-of-even-numbers-after-queries,Medium,1911,312,0
interval-list-intersections,Medium,4849,95,0
smallest-string-starting-from-leaf,Medium,1354,193,0
add-to-array-form-of-integer,Easy,1677,163,0
satisfiability-of-equality-equations,Medium,3212,48,0
broken-calculator,Medium,2433,198,0
subarrays-with-k-different-integers,Hard,3835,55,0
rotting-oranges,Medium,9139,321,0
minimum-number-of-k-consecutive-bit-flips,Hard,970,55,0
number-of-squareful-arrays,Hard,804,34,0
find-the-town-judge,Easy,4128,304,0
maximum-binary-tree-ii,Medium,433,712,0
minimum-cost-to-merge-stones,Hard,1983,94,0
grid-illumination,Hard,505,126,0
check-if-word-is-valid-after-substitutions,Medium,737,454,0
max-consecutive-ones-iii,Medium,5627,66,0
maximize-sum-of-array-after-k-negations,Easy,1197,94,0
clumsy-factorial,Medium,252,277,0
minimum-domino-rotations-for-equal-row,Medium,2630,242,0
construct-binary-search-tree-from-preorder-traversal,Medium,4765,64,0
pairs-of-songs-with-total-durations-divisible-by-60,Medium,3648,141,0
capacity-to-ship-packages-within-d-days,Medium,5566,117,0
numbers-with-repeated-digits,Hard,541,68,0
partition-array-into-three-parts-with-equal-sum,Easy,1370,133,0
best-sightseeing-pair,Medium,2128,47,0
smallest-integer-divisible-by-k,Medium,1025,831,0
binary-string-with-substrings-representing-1-to-n,Medium,291,490,0
convert-to-base-2,Medium,414,255,0
binary-prefix-divisible-by-5,Easy,604,157,0
next-greater-node-in-linked-list,Medium,2644,104,0
number-of-enclaves,Medium,1952,39,0
remove-outermost-parentheses,Easy,1742,1320,0
camelcase-matching,Medium,690,254,0
video-stitching,Medium,1427,50,0
divisor-game,Easy,1676,3569,0
longest-arithmetic-subsequence,Medium,2605,121,0
two-city-scheduling,Medium,4076,303,0
maximum-sum-of-two-non-overlapping-subarrays,Medium,2121,74,0
stream-of-characters,Hard,1644,176,0
moving-stones-until-consecutive,Medium,175,618,0
coloring-a-border,Medium,552,726,0
uncrossed-lines,Medium,1921,28,0
escape-a-large-maze,Hard,535,152,0
binary-search-tree-to-greater-sum-tree,Medium,3143,143,0
minimum-score-triangulation-of-polygon,Medium,1355,133,0
moving-stones-until-consecutive-ii,Medium,324,538,0
robot-bounded-in-circle,Medium,3328,645,0
flower-planting-with-no-adjacent,Medium,1073,682,0
partition-array-for-maximum-sum,Medium,2911,214,0
longest-duplicate-substring,Hard,1932,364,0
customers-who-bought-all-products,Medium,226,39,0
longest-string-chain,Medium,5530,216,0
last-stone-weight-ii,Medium,2539,89,0
actors-and-directors-who-cooperated-at-least-three-times,Easy,383,35,0
grumpy-bookstore-owner,Medium,1362,113,0
previous-permutation-with-one-swap,Medium,334,28,0
distant-barcodes,Medium,1009,42,0
shortest-way-to-form-string,Medium,1032,60,0
confusing-number,Easy,179,96,0
campus-bikes,Medium,890,166,0
minimize-rounding-error-to-meet-target,Medium,136,135,0
all-paths-from-source-lead-to-destination,Medium,615,265,0
missing-element-in-sorted-array,Medium,1441,57,0
lexicographically-smallest-equivalent-string,Medium,250,17,0
longest-repeating-substring,Medium,580,40,0
number-of-valid-subarrays,Hard,202,9,0
fixed-point,Easy,382,61,0
index-pairs-of-a-string,Easy,257,85,0
campus-bikes-ii,Medium,733,67,0
digit-count-in-range,Hard,75,21,0
product-sales-analysis-i,Easy,104,125,0
product-sales-analysis-ii,Easy,68,166,0
product-sales-analysis-iii,Medium,84,327,0
flip-columns-for-maximum-number-of-equal-rows,Medium,621,46,0
adding-two-negabinary-numbers,Medium,263,98,0
number-of-submatrices-that-sum-to-target,Hard,2813,63,0
project-employees-i,Easy,98,71,0
project-employees-ii,Easy,177,54,0
project-employees-iii,Medium,219,8,0
occurrences-after-bigram,Easy,388,313,0
letter-tile-possibilities,Medium,2034,56,0
insufficient-nodes-in-root-to-leaf-paths,Medium,535,629,0
smallest-subsequence-of-distinct-characters,Medium,2010,161,0
sales-analysis-i,Easy,168,66,0
sales-analysis-ii,Easy,225,42,0
sales-analysis-iii,Easy,451,100,0
sum-of-digits-in-the-minimum-number,Easy,100,144,0
high-five,Easy,733,115,0
brace-expansion,Medium,585,48,0
confusing-number-ii,Hard,399,121,0
largest-values-from-labels,Medium,352,586,0
shortest-path-in-binary-matrix,Medium,4211,176,0
shortest-common-supersequence,Hard,3302,53,0
statistics-from-a-large-sample,Medium,77,76,0
car-pooling,Medium,3747,80,0
find-in-mountain-array,Hard,1677,68,0
brace-expansion-ii,Hard,425,257,0
game-play-analysis-v,Hard,147,28,0
unpopular-books,Medium,171,509,0
two-sum-less-than-k,Easy,972,111,0
find-k-length-substrings-with-no-repeated-characters,Medium,474,9,0
the-earliest-moment-when-everyone-become-friends,Medium,734,19,0
path-with-maximum-minimum-value,Medium,1150,114,0
distribute-candies-to-people,Easy,789,181,0
path-in-zigzag-labelled-binary-tree,Medium,1223,289,0
filling-bookcase-shelves,Medium,1487,97,0
parsing-a-boolean-expression,Hard,822,44,0
new-users-daily-count,Medium,127,139,0
corporate-flight-bookings,Medium,1266,148,0
delete-nodes-and-return-forest,Medium,3231,100,0
maximum-nesting-depth-of-two-valid-parentheses-strings,Medium,347,1437,0
highest-grade-for-each-student,Medium,238,12,0
reported-posts,Easy,82,334,0
print-in-order,Easy,1150,182,0
print-foobar-alternately,Medium,545,44,0
print-zero-even-odd,Medium,392,274,0
building-h2o,Medium,392,106,0
number-of-days-in-a-month,Easy,32,148,0
remove-vowels-from-a-string,Easy,299,108,0
maximum-average-subtree,Medium,735,32,0
divide-array-into-increasing-sequences,Hard,104,26,0
lowest-common-ancestor-of-deepest-leaves,Medium,1571,772,0
longest-well-performing-interval,Medium,1158,98,0
user-purchase-platform,Hard,150,117,0
number-of-equivalent-domino-pairs,Easy,551,279,0
shortest-path-with-alternating-colors,Medium,1654,82,0
minimum-cost-tree-from-leaf-values,Medium,3671,243,0
maximum-of-absolute-value-expression,Medium,535,365,0
reported-posts-ii,Medium,134,490,0
largest-unique-number,Easy,250,16,0
armstrong-number,Easy,172,18,0
connecting-cities-with-minimum-cost,Medium,992,57,0
parallel-courses,Medium,855,22,0
alphabet-board-path,Medium,741,151,0
largest-1-bordered-square,Medium,597,90,0
stone-game-ii,Medium,1562,276,0
user-activity-for-the-past-30-days-i,Easy,254,389,0
user-activity-for-the-past-30-days-ii,Easy,86,328,0
longest-common-subsequence,Medium,9001,103,0
decrease-elements-to-make-array-zigzag,Medium,359,154,0
binary-tree-coloring-game,Medium,1144,195,0
snapshot-array,Medium,2031,291,0
longest-chunked-palindrome-decomposition,Hard,526,25,0
article-views-i,Easy,297,29,0
article-views-ii,Medium,108,27,0
check-if-a-number-is-majority-element-in-a-sorted-array,Easy,348,34,0
minimum-swaps-to-group-all-1s-together,Medium,1055,14,0
analyze-user-website-visit-pattern,Medium,442,3406,0
string-transforms-into-another-string,Hard,837,322,0
number-of-dice-rolls-with-target-sum,Medium,3660,115,0
swap-for-longest-repeated-character-substring,Medium,838,77,0
online-majority-element-in-subarray,Hard,539,52,0
market-analysis-i,Medium,383,54,0
market-analysis-ii,Hard,100,46,0
maximum-level-sum-of-a-binary-tree,Medium,1754,65,0
as-far-from-land-as-possible,Medium,2366,69,0
last-substring-in-lexicographical-order,Hard,501,431,0
product-price-at-a-given-date,Medium,325,94,0
single-row-keyboard,Easy,446,19,0
design-file-system,Medium,468,51,0
minimum-cost-to-connect-sticks,Medium,1133,150,0
optimize-water-distribution-in-a-village,Hard,957,34,0
invalid-transactions,Medium,394,1893,0
compare-strings-by-frequency-of-the-smallest-character,Medium,574,930,0
remove-zero-sum-consecutive-nodes-from-linked-list,Medium,1737,80,0
dinner-plate-stacks,Hard,388,55,0
immediate-food-delivery-i,Easy,188,10,0
immediate-food-delivery-ii,Medium,112,52,0
prime-arrangements,Easy,308,425,0
diet-plan-performance,Easy,140,270,0
can-make-palindrome-from-substring,Medium,633,246,0
number-of-valid-words-for-each-puzzle,Hard,1159,78,0
reformat-department-table,Easy,552,437,0
count-substrings-with-only-one-distinct-letter,Easy,298,47,0
before-and-after-puzzle,Medium,69,146,0
shortest-distance-to-target-color,Medium,473,20,0
maximum-number-of-ones,Hard,106,10,0
maximum-subarray-sum-with-one-deletion,Medium,1466,52,0
make-array-strictly-increasing,Hard,752,18,0
design-bounded-blocking-queue,Medium,468,39,0
reverse-substrings-between-each-pair-of-parentheses,Medium,1545,41,0
k-concatenation-maximum-sum,Medium,1148,94,0
critical-connections-in-a-network,Hard,5051,168,0
monthly-transactions-i,Medium,162,25,0
tournament-winners,Hard,117,51,0
fizz-buzz-multithreaded,Medium,447,328,0
how-many-apples-can-you-put-into-the-basket,Easy,172,14,0
minimum-knight-moves,Medium,1344,378,0
find-smallest-common-element-in-all-rows,Medium,495,26,0
minimum-time-to-build-blocks,Hard,155,22,0
ugly-number-iii,Medium,972,447,0
smallest-string-with-swaps,Medium,3179,109,0
sort-items-by-groups-respecting-dependencies,Hard,731,100,0
last-person-to-fit-in-the-bus,Medium,234,19,0
monthly-transactions-ii,Medium,127,467,0
design-skiplist,Hard,522,63,0
get-equal-substrings-within-budget,Medium,826,53,0
remove-all-adjacent-duplicates-in-string-ii,Medium,4812,87,0
minimum-moves-to-reach-target-with-rotations,Hard,231,65,0
queries-quality-and-percentage,Easy,118,174,0
team-scores-in-football-tournament,Medium,261,22,0
intersection-of-three-sorted-arrays,Easy,512,24,0
two-sum-bsts,Medium,440,44,0
stepping-numbers,Medium,171,17,0
valid-palindrome-iii,Hard,624,7,0
minimum-cost-to-move-chips-to-the-same-position,Easy,1856,237,0
longest-arithmetic-subsequence-of-given-difference,Medium,1292,47,0
path-with-maximum-gold,Medium,2286,59,0
count-vowels-permutation,Hard,2427,162,0
queens-that-can-attack-the-king,Medium,793,137,0
dice-roll-simulation,Hard,802,182,0
maximum-equal-frequency,Hard,450,52,0
report-contiguous-dates,Hard,256,20,0
the-dining-philosophers,Medium,240,251,0
airplane-seat-assignment-probability,Medium,455,778,0
missing-number-in-arithmetic-progression,Easy,266,36,0
meeting-scheduler,Medium,801,30,0
toss-strange-coins,Medium,261,27,0
divide-chocolate,Hard,827,49,0
remove-sub-folders-from-the-filesystem,Medium,680,92,0
replace-the-substring-for-balanced-string,Medium,939,178,0
maximum-profit-in-job-scheduling,Hard,4754,55,0
web-crawler,Medium,209,246,0
find-positive-integer-solution-for-a-given-equation,Medium,410,1279,0
circular-permutation-in-binary-representation,Medium,315,171,0
maximum-length-of-a-concatenated-string-with-unique-characters,Medium,3237,227,0
tiling-a-rectangle-with-the-fewest-squares,Hard,575,527,0
number-of-comments-per-post,Easy,146,463,0
web-crawler-multithreaded,Medium,448,76,0
array-transformation,Easy,126,63,0
design-a-leaderboard,Medium,642,86,0
tree-diameter,Medium,698,17,0
palindrome-removal,Hard,283,13,0
minimum-swaps-to-make-strings-equal,Medium,1077,226,0
count-number-of-nice-subarrays,Medium,2391,54,0
minimum-remove-to-make-valid-parentheses,Medium,5454,102,0
check-if-it-is-a-good-array,Hard,355,321,0
average-selling-price,Easy,276,30,0
reconstruct-a-2-row-binary-matrix,Medium,374,27,0
number-of-closed-islands,Medium,2588,60,0
maximum-score-words-formed-by-letters,Hard,896,46,0
encode-number,Medium,67,229,0
smallest-common-region,Medium,377,29,0
synonymous-sentences,Medium,302,129,0
handshakes-that-dont-cross,Hard,129,10,0
shift-2d-grid,Easy,1528,318,0
find-elements-in-a-contaminated-binary-tree,Medium,793,90,0
greatest-sum-divisible-by-three,Medium,1455,36,0
minimum-moves-to-move-a-box-to-their-target-location,Hard,731,52,0
page-recommendations,Medium,192,17,0
print-immutable-linked-list-in-reverse,Medium,501,91,0
minimum-time-visiting-all-points,Easy,1356,173,0
count-servers-that-communicate,Medium,1062,76,0
search-suggestions-system,Medium,3912,190,0
number-of-ways-to-stay-in-the-same-place-after-some-steps,Hard,649,35,0
all-people-report-to-the-given-manager,Medium,341,24,0
hexspeak,Easy,62,110,0
remove-interval,Medium,372,26,0
delete-tree-nodes,Medium,205,60,0
number-of-ships-in-a-rectangle,Hard,457,52,0
number-of-burgers-with-no-waste-of-ingredients,Medium,259,209,0
count-square-submatrices-with-all-ones,Medium,3993,67,0
palindrome-partitioning-iii,Hard,914,15,0
traffic-light-controlled-intersection,Easy,60,286,0
students-and-examinations,Easy,312,48,0
group-the-people-given-the-group-size-they-belong-to,Medium,1365,509,0
find-the-smallest-divisor-given-a-threshold,Medium,1802,163,0
minimum-number-of-flips-to-convert-binary-matrix-to-zero-matrix,Hard,792,80,0
find-the-start-and-end-number-of-continuous-ranges,Medium,447,27,0
iterator-for-combination,Medium,1244,99,0
remove-covered-intervals,Medium,2015,51,0
minimum-falling-path-sum-ii,Hard,1247,76,0
sequential-digits,Medium,1824,108,0
maximum-side-length-of-a-square-with-sum-less-than-or-equal-to-threshold,Medium,935,79,0
shortest-path-in-a-grid-with-obstacles-elimination,Hard,3903,70,0
weather-type-in-each-country,Easy,114,24,0
divide-array-in-sets-of-k-consecutive-numbers,Medium,1378,94,0
maximum-number-of-occurrences-of-a-substring,Medium,779,337,0
maximum-candies-you-can-get-from-boxes,Hard,231,125,0
sum-of-mutated-array-closest-to-target,Medium,922,123,0
number-of-paths-with-max-score,Hard,409,21,0
deepest-leaves-sum,Medium,3910,104,0
find-the-team-size,Easy,275,15,0
all-elements-in-two-binary-search-trees,Medium,2595,76,0
jump-game-iii,Medium,3326,81,0
verbal-arithmetic-puzzle,Hard,395,102,0
running-total-for-different-genders,Medium,176,50,0
xor-queries-of-a-subarray,Medium,1161,36,0
get-watched-videos-by-your-friends,Medium,267,340,0
minimum-insertion-steps-to-make-a-string-palindrome,Hard,2778,34,0
matrix-block-sum,Medium,1994,311,0
sum-of-nodes-with-even-valued-grandparent,Medium,2207,66,0
distinct-echo-substrings,Hard,250,184,0
minimum-flips-to-make-a-or-b-equal-to-c,Medium,558,43,0
number-of-operations-to-make-network-connected,Medium,2917,36,0
minimum-distance-to-type-a-word-using-two-fingers,Hard,878,31,0
restaurant-growth,Medium,329,53,0
ads-performance,Easy,217,54,0
print-words-vertically,Medium,589,100,0
delete-leaves-with-a-given-value,Medium,1824,32,0
minimum-number-of-taps-to-open-to-water-a-garden,Hard,1837,120,0
list-the-products-ordered-in-a-period,Easy,98,22,0
break-a-palindrome,Medium,1980,676,0
sort-the-matrix-diagonally,Medium,2955,213,0
reverse-subarray-to-maximize-array-value,Hard,389,36,0
remove-palindromic-subsequences,Easy,1438,1582,0
filter-restaurants-by-vegan-friendly-price-and-distance,Medium,254,195,0
find-the-city-with-the-smallest-number-of-neighbors-at-a-threshold-distance,Medium,1673,66,0
minimum-difficulty-of-a-job-schedule,Hard,2431,225,0
number-of-transactions-per-visit,Hard,77,274,0
maximum-product-of-splitted-binary-tree,Medium,2681,97,0
jump-game-v,Hard,871,31,0
movie-rating,Medium,131,74,0
number-of-sub-arrays-of-size-k-and-average-greater-than-or-equal-to-threshold,Medium,915,72,0
angle-between-hands-of-a-clock,Medium,1109,221,0
jump-game-iv,Hard,2152,83,0
minimum-number-of-steps-to-make-two-strings-anagram,Medium,1617,75,0
tweet-counts-per-frequency,Medium,139,236,0
maximum-students-taking-exam,Hard,670,12,0
students-with-invalid-departments,Easy,153,9,0
product-of-the-last-k-numbers,Medium,1170,59,0
maximum-number-of-events-that-can-be-attended,Medium,2230,298,0
construct-target-array-with-multiple-sums,Hard,1954,156,0
activity-participants,Medium,113,47,0
apply-discount-every-n-orders,Medium,138,187,0
number-of-substrings-containing-all-three-characters,Medium,1951,34,0
count-all-valid-pickup-and-delivery-options,Hard,1678,150,0
validate-binary-tree-nodes,Medium,992,292,0
closest-divisors,Medium,235,91,0
largest-multiple-of-three,Hard,494,65,0
number-of-trusted-contacts-of-a-customer,Medium,68,322,0
rank-teams-by-votes,Medium,1051,113,0
linked-list-in-binary-tree,Medium,1809,58,0
minimum-cost-to-make-at-least-one-valid-path-in-a-grid,Hard,1391,13,0
get-the-second-most-recent-activity,Hard,132,12,0
find-the-longest-substring-containing-vowels-in-even-counts,Medium,1324,47,0
longest-zigzag-path-in-a-binary-tree,Medium,1400,25,0
maximum-sum-bst-in-binary-tree,Hard,1819,152,0
number-of-times-binary-string-is-prefix-aligned,Medium,796,122,0
time-needed-to-inform-all-employees,Medium,2454,158,0
frog-position-after-t-seconds,Hard,578,119,0
replace-employee-id-with-the-unique-identifier,Easy,84,33,0
design-a-stack-with-increment-operation,Medium,1471,79,0
balance-a-binary-search-tree,Medium,2358,61,0
maximum-performance-of-a-team,Hard,2679,73,0
total-sales-amount-by-year,Hard,189,97,0
find-the-distance-value-between-two-arrays,Easy,626,2352,0
cinema-seat-allocation,Medium,663,335,0
sort-integers-by-the-power-value,Medium,1143,103,0
pizza-with-3n-slices,Hard,744,12,0
four-divisors,Medium,284,160,0
check-if-there-is-a-valid-path-in-a-grid,Medium,659,280,0
longest-happy-prefix,Hard,890,29,0
capital-gainloss,Medium,504,34,0
count-number-of-teams,Medium,2302,175,0
design-underground-system,Medium,2338,113,0
find-all-good-strings,Hard,375,115,0
customers-who-bought-products-a-and-b-but-not-c,Medium,233,13,0
construct-k-palindrome-strings,Medium,856,81,0
circle-and-rectangle-overlapping,Medium,262,60,0
reducing-dishes,Hard,1313,162,0
minimum-subsequence-in-non-increasing-order,Easy,448,432,0
number-of-steps-to-reduce-a-number-in-binary-representation-to-one,Medium,618,52,0
longest-happy-string,Medium,1556,219,0
stone-game-iii,Hard,1148,26,0
top-travellers,Easy,373,39,0
queries-on-a-permutation-with-key,Medium,385,568,0
number-of-ways-to-paint-n-3-grid,Hard,909,45,0
find-the-quiet-students-in-all-exams,Hard,173,13,0
find-the-minimum-number-of-fibonacci-numbers-whose-sum-is-k,Medium,831,57,0
the-k-th-lexicographical-string-of-all-happy-strings-of-length-n,Medium,788,19,0
restore-the-array,Hard,452,15,0
display-table-of-food-orders-in-a-restaurant,Medium,267,402,0
minimum-number-of-frogs-croaking,Medium,785,58,0
build-array-where-you-can-find-the-maximum-exactly-k-comparisons,Hard,463,11,0
npv-queries,Easy,37,263,0
maximum-points-you-can-obtain-from-cards,Medium,4928,181,0
diagonal-traverse-ii,Medium,974,81,0
constrained-subsequence-sum,Hard,1002,41,0
counting-elements,Easy,98,25,0
perform-string-shifts,Easy,175,4,0
leftmost-column-with-at-least-a-one,Medium,1045,121,0
first-unique-number,Medium,476,24,0
check-if-a-string-is-a-valid-sequence-from-root-to-leaves-path-in-a-binary-tree,Medium,184,12,0
max-difference-you-can-get-from-changing-an-integer,Medium,167,214,0
check-if-a-string-can-break-another-string,Medium,598,121,0
number-of-ways-to-wear-different-hats-to-each-other,Hard,722,8,0
create-a-session-bar-chart,Easy,130,230,0
longest-continuous-subarray-with-absolute-diff-less-than-or-equal-to-limit,Medium,2729,112,0
find-the-kth-smallest-sum-of-a-matrix-with-sorted-rows,Hard,1000,14,0
evaluate-boolean-expression,Medium,165,10,0
count-triplets-that-can-form-two-arrays-of-equal-xor,Medium,1114,52,0
minimum-time-to-collect-all-apples-in-a-tree,Medium,1176,94,0
number-of-ways-of-cutting-a-pizza,Hard,644,29,0
apples-oranges,Medium,193,17,0
simplified-fractions,Medium,309,39,0
form-largest-integer-with-digits-that-add-up-to-target,Hard,579,12,0
rearrange-words-in-a-sentence,Medium,590,70,0
people-whose-list-of-favorite-companies-is-not-a-subset-of-another-list,Medium,286,203,0
maximum-number-of-darts-inside-of-a-circular-dartboard,Hard,124,253,0
active-users,Medium,344,33,0
maximum-number-of-vowels-in-a-substring-of-given-length,Medium,950,46,0
pseudo-palindromic-paths-in-a-binary-tree,Medium,2310,78,0
max-dot-product-of-two-subsequences,Hard,685,14,0
rectangles-area,Medium,74,133,0
check-if-a-string-contains-all-binary-codes-of-size-k,Medium,1982,90,0
course-schedule-iv,Medium,1052,53,0
cherry-pickup-ii,Hard,2664,27,0
maximum-area-of-a-piece-of-cake-after-horizontal-and-vertical-cuts,Medium,2481,339,0
reorder-routes-to-make-all-paths-lead-to-the-city-zero,Medium,1966,51,0
probability-of-a-two-boxes-having-the-same-number-of-distinct-balls,Hard,233,157,0
calculate-salaries,Medium,103,18,0
find-all-the-lonely-nodes,Easy,430,9,0
the-k-strongest-values-in-an-array,Medium,511,110,0
paint-house-iii,Hard,1865,136,0
delete-n-nodes-after-m-nodes-of-a-linked-list,Easy,333,9,0
subrectangle-queries,Medium,478,1206,0
find-two-non-overlapping-sub-arrays-each-with-target-sum,Medium,1448,72,0
allocate-mailboxes,Hard,904,14,0
sales-by-day-of-the-week,Hard,122,37,0
least-number-of-unique-integers-after-k-removals,Medium,1152,104,0
minimum-number-of-days-to-make-m-bouquets,Medium,2231,60,0
kth-ancestor-of-a-tree-node,Hard,1381,93,0
group-sold-products-by-the-date,Easy,782,63,0
clone-binary-tree-with-random-pointer,Medium,318,57,0
making-file-names-unique,Medium,376,619,0
avoid-flood-in-the-city,Medium,1237,240,0
find-critical-and-pseudo-critical-edges-in-minimum-spanning-tree,Hard,604,48,0
clone-n-ary-tree,Medium,348,14,0
the-kth-factor-of-n,Medium,925,232,0
longest-subarray-of-1s-after-deleting-one-element,Medium,1244,26,0
parallel-courses-ii,Hard,744,59,0
friendly-movies-streamed-last-month,Easy,66,10,0
check-if-array-pairs-are-divisible-by-k,Medium,1326,76,0
number-of-subsequences-that-satisfy-the-given-sum-condition,Medium,1654,148,0
max-value-of-equation,Hard,1059,36,0
design-a-file-sharing-system,Medium,41,102,0
countries-you-can-safely-invest-in,Medium,251,34,0
last-moment-before-all-ants-fall-out-of-a-plank,Medium,405,193,0
count-submatrices-with-all-ones,Medium,1765,142,0
minimum-possible-integer-after-at-most-k-adjacent-swaps-on-digits,Hard,393,22,0
find-root-of-n-ary-tree,Medium,395,150,0
range-sum-of-sorted-subarray-sums,Medium,761,131,0
minimum-difference-between-largest-and-smallest-value-in-three-moves,Medium,1335,159,0
stone-game-iv,Hard,1385,61,0
customer-order-frequency,Easy,264,54,0
number-of-substrings-with-only-1s,Medium,652,30,0
path-with-maximum-probability,Medium,1563,33,0
best-position-for-a-service-centre,Hard,196,235,0
move-sub-tree-of-n-ary-tree,Hard,28,46,0
find-users-with-valid-e-mails,Easy,114,99,0
number-of-nodes-in-the-sub-tree-with-the-same-label,Medium,499,429,0
maximum-number-of-non-overlapping-substrings,Hard,630,64,0
find-a-value-of-a-mysterious-function-closest-to-target,Hard,314,15,0
diameter-of-n-ary-tree,Medium,501,7,0
number-of-sub-arrays-with-odd-sum,Medium,988,48,0
number-of-good-ways-to-split-a-string,Medium,1697,41,0
minimum-number-of-increments-on-subarrays-to-form-a-target-array,Hard,1132,57,0
patients-with-a-condition,Easy,278,309,0
minimum-suffix-flips,Medium,786,34,0
number-of-good-leaf-nodes-pairs,Medium,1401,33,0
string-compression-ii,Hard,1592,117,0
the-most-recent-three-orders,Medium,117,9,0
find-the-index-of-the-large-integer,Medium,110,16,0
find-the-winner-of-an-array-game,Medium,523,26,0
minimum-swaps-to-arrange-a-binary-grid,Medium,497,63,0
get-the-maximum-score,Hard,753,38,0
guess-the-majority-in-a-hidden-array,Medium,72,41,0
can-convert-string-in-k-moves,Medium,303,253,0
minimum-insertions-to-balance-a-parentheses-string,Medium,800,176,0
find-longest-awesome-substring,Hard,633,11,0
fix-product-name-format,Easy,71,41,0
find-kth-bit-in-nth-binary-string,Medium,674,46,0
maximum-number-of-non-overlapping-subarrays-with-sum-equals-target,Medium,885,23,0
minimum-cost-to-cut-a-stick,Hard,2251,42,0
the-most-similar-path-in-a-graph,Hard,311,151,0
the-most-recent-orders-for-each-product,Medium,97,9,0
minimum-operations-to-make-array-equal,Medium,1087,154,0
magnetic-force-between-two-balls,Medium,1520,92,0
minimum-number-of-days-to-eat-n-oranges,Hard,813,49,0
strings-differ-by-one-character,Medium,340,82,0
bank-account-summary,Medium,109,23,0
minimum-number-of-vertices-to-reach-all-nodes,Medium,1982,72,0
minimum-numbers-of-function-calls-to-make-target-array,Medium,509,26,0
detect-cycles-in-2d-grid,Medium,834,23,0
most-visited-sector-in-a-circular-track,Easy,249,506,0
maximum-number-of-coins-you-can-get,Medium,896,111,0
find-latest-group-of-size-m,Medium,546,114,0
stone-game-v,Hard,473,67,0
put-boxes-into-the-warehouse-i,Medium,298,22,0
unique-orders-and-customers-per-month,Easy,61,38,0
detect-pattern-of-length-m-repeated-k-or-more-times,Easy,543,102,0
maximum-length-of-subarray-with-positive-product,Medium,1955,51,0
minimum-number-of-days-to-disconnect-island,Hard,511,136,0
number-of-ways-to-reorder-array-to-get-same-bst,Hard,506,52,0
dot-product-of-two-sparse-vectors,Medium,1018,136,0
warehouse-manager,Easy,120,9,0
number-of-ways-to-split-a-string,Medium,553,71,0
shortest-subarray-to-be-removed-to-make-array-sorted,Medium,1292,45,0
count-all-possible-routes,Hard,445,26,0
number-of-ways-where-square-of-number-is-equal-to-product-of-two-numbers,Medium,298,51,0
minimum-time-to-make-rope-colorful,Medium,2660,75,0
remove-max-number-of-edges-to-keep-graph-fully-traversable,Hard,888,9,0
put-boxes-into-the-warehouse-ii,Medium,150,2,0
customer-who-visited-but-did-not-make-any-transactions,Easy,402,78,0
count-unhappy-friends,Medium,217,712,0
min-cost-to-connect-all-points,Medium,3189,81,0
check-if-string-is-transformable-with-substring-sort-operations,Hard,381,7,0
binary-search-tree-iterator-ii,Medium,240,28,0
bank-account-summary-ii,Easy,277,4,0
maximum-sum-obtained-of-any-permutation,Medium,590,31,0
make-sum-divisible-by-p,Medium,1131,48,0
strange-printer-ii,Hard,465,15,0
rearrange-spaces-between-words,Easy,337,286,0
split-a-string-into-the-max-number-of-unique-substrings,Medium,666,26,0
maximum-non-negative-product-in-a-matrix,Medium,660,32,0
minimum-cost-to-connect-two-groups-of-points,Hard,380,13,0
the-most-frequently-ordered-products-for-each-customer,Medium,193,16,0
build-binary-expression-tree-from-infix-expression,Hard,240,44,0
maximum-profit-of-operating-a-centennial-wheel,Medium,83,222,0
throne-inheritance,Medium,217,266,0
maximum-number-of-achievable-transfer-requests,Hard,260,28,0
find-nearest-right-node-in-binary-tree,Medium,289,9,0
alert-using-same-key-card-three-or-more-times-in-a-one-hour-period,Medium,232,348,0
find-valid-matrix-given-row-and-column-sums,Medium,1133,32,0
find-servers-that-handled-most-number-of-requests,Hard,457,21,0
sellers-with-no-sales,Easy,88,11,0
even-odd-tree,Medium,905,50,0
maximum-number-of-visible-points,Hard,475,673,0
minimum-one-bit-operations-to-make-integers-zero,Hard,363,324,0
check-if-two-expression-trees-are-equivalent,Medium,118,21,0
find-the-missing-ids,Medium,182,24,0
maximal-network-rank,Medium,983,178,0
split-two-strings-to-make-palindrome,Medium,601,221,0
count-subtrees-with-max-distance-between-cities,Hard,407,34,0
maximum-font-to-fit-a-sentence-in-a-screen,Medium,98,20,0
coordinate-with-maximum-network-quality,Medium,64,235,0
number-of-sets-of-k-non-overlapping-line-segments,Medium,379,40,0
fancy-sequence,Hard,306,104,0
all-valid-triplets-that-can-represent-a-country,Easy,59,115,0
lexicographically-smallest-string-after-applying-operations,Medium,284,245,0
best-team-with-no-conflicts,Medium,1002,31,0
graph-connectivity-with-threshold,Hard,439,26,0
design-an-expression-tree-with-evaluate-function,Medium,466,69,0
arithmetic-subarrays,Medium,862,93,0
path-with-minimum-effort,Medium,3818,150,0
rank-transform-of-a-matrix,Hard,730,49,0
percentage-of-users-attended-a-contest,Easy,85,21,0
add-two-polynomials-represented-as-linked-lists,Medium,114,9,0
hopper-company-queries-i,Hard,75,28,0
widest-vertical-area-between-two-points-containing-no-points,Medium,253,626,0
count-substrings-that-differ-by-one-character,Medium,907,293,0
number-of-ways-to-form-a-target-string-given-a-dictionary,Hard,371,16,0
count-sorted-vowel-strings,Medium,3261,72,0
furthest-building-you-can-reach,Medium,4035,85,0
kth-smallest-instructions,Hard,431,6,0
lowest-common-ancestor-of-a-binary-tree-ii,Medium,512,25,0
hopper-company-queries-ii,Hard,49,13,0
minimum-deletions-to-make-character-frequencies-unique,Medium,3159,49,0
sell-diminishing-valued-colored-balls,Medium,904,346,0
create-sorted-array-through-instructions,Hard,545,72,0
lowest-common-ancestor-of-a-binary-tree-iii,Medium,1113,37,0
hopper-company-queries-iii,Hard,21,53,0
minimum-deletions-to-make-string-balanced,Medium,1009,28,0
minimum-jumps-to-reach-home,Medium,1180,220,0
distribute-repeating-integers,Hard,281,18,0
determine-if-two-strings-are-close,Medium,2051,95,0
minimum-operations-to-reduce-x-to-zero,Medium,3792,80,0
maximize-grid-happiness,Hard,269,47,0
correct-a-binary-tree,Medium,199,30,0
average-time-of-process-per-machine,Easy,108,20,0
smallest-string-with-a-given-numeric-value,Medium,1675,54,0
ways-to-make-a-fair-array,Medium,1055,29,0
minimum-initial-energy-to-finish-tasks,Hard,457,32,0
change-the-root-of-a-binary-tree,Medium,49,134,0
fix-names-in-a-table,Easy,435,67,0
maximum-repeating-substring,Easy,500,173,0
merge-in-between-linked-lists,Medium,1168,151,0
design-front-middle-back-queue,Medium,569,83,0
minimum-number-of-removals-to-make-mountain-array,Hard,1143,17,0
find-the-most-competitive-subsequence,Medium,1597,78,0
minimum-moves-to-make-array-complementary,Medium,539,67,0
minimize-deviation-in-array,Hard,1686,88,0
lowest-common-ancestor-of-a-binary-tree-iv,Medium,352,13,0
products-worth-over-invoices,Easy,28,120,0
max-number-of-k-sum-pairs,Medium,2017,47,0
concatenation-of-consecutive-binary-numbers,Medium,1342,419,0
minimum-incompatibility,Hard,225,87,0
longest-palindromic-subsequence-ii,Medium,129,26,0
invalid-tweets,Easy,72,78,0
sum-of-absolute-differences-in-a-sorted-array,Medium,901,27,0
stone-game-vi,Medium,616,49,0
delivering-boxes-from-storage-to-ports,Hard,308,22,0
partitioning-into-minimum-number-of-deci-binary-numbers,Medium,1950,1255,0
stone-game-vii,Medium,801,139,0
maximum-height-by-stacking-cuboids,Hard,761,22,0
count-ways-to-distribute-candies,Hard,58,7,0
daily-leads-and-partners,Easy,303,26,0
maximum-erasure-value,Medium,2407,42,0
jump-game-vi,Medium,2987,103,0
checking-existence-of-edge-length-limited-paths,Hard,635,13,0
number-of-distinct-substrings-in-a-string,Medium,157,39,0
number-of-calls-between-two-persons,Medium,209,11,0
number-of-students-unable-to-eat-lunch,Easy,1113,69,0
average-waiting-time,Medium,407,45,0
maximum-binary-string-after-change,Medium,406,41,0
minimum-adjacent-swaps-for-k-consecutive-ones,Hard,554,21,0
maximum-number-of-eaten-apples,Medium,649,164,0
where-will-the-ball-fall,Medium,2612,152,0
maximum-xor-with-an-element-from-array,Hard,824,27,0
largest-subarray-length-k,Easy,84,101,0
biggest-window-between-visits,Medium,156,11,0
count-good-meals,Medium,771,219,0
ways-to-split-array-into-three-subarrays,Medium,1097,88,0
minimum-operations-to-make-a-subsequence,Hard,531,9,0
sum-of-special-evenly-spaced-elements-in-array,Hard,23,21,0
count-apples-and-oranges,Medium,64,17,0
maximum-score-from-removing-substrings,Medium,510,28,0
construct-the-lexicographically-largest-valid-sequence,Medium,445,38,0
number-of-ways-to-reconstruct-a-tree,Hard,175,124,0
swapping-nodes-in-a-linked-list,Medium,3464,121,0
minimize-hamming-distance-after-swap-operations,Medium,707,21,0
find-minimum-time-to-finish-all-jobs,Hard,744,20,0
checking-existence-of-edge-length-limited-paths-ii,Hard,64,7,0
tuple-with-same-product,Medium,514,24,0
largest-submatrix-with-rearrangements,Medium,842,20,0
cat-and-mouse-ii,Hard,217,35,0
find-followers-count,Easy,215,16,0
shortest-path-to-get-food,Medium,573,33,0
the-number-of-employees-which-report-to-each-employee,Easy,86,27,0
minimum-number-of-people-to-teach,Medium,166,334,0
decode-xored-permutation,Medium,607,20,0
count-ways-to-make-array-with-product,Hard,208,30,0
latest-time-by-replacing-hidden-digits,Easy,270,138,0
change-minimum-characters-to-satisfy-one-of-three-conditions,Medium,271,297,0
find-kth-largest-xor-coordinate-value,Medium,400,56,0
building-boxes,Hard,243,40,0
find-distance-in-a-binary-tree,Medium,335,12,0
find-total-time-spent-by-each-employee,Easy,401,8,0
maximum-number-of-balls-in-a-box,Easy,476,111,0
restore-the-array-from-adjacent-pairs,Medium,818,16,0
can-you-eat-your-favorite-candy-on-your-favorite-day,Medium,100,290,0
palindrome-partitioning-iv,Hard,720,20,0
maximum-subarray-sum-after-one-operation,Medium,245,5,0
leetflex-banned-accounts,Medium,115,7,0
maximum-absolute-sum-of-any-subarray,Medium,972,15,0
minimum-length-of-string-after-deleting-similar-ends,Medium,356,23,0
maximum-number-of-events-that-can-be-attended-ii,Hard,661,12,0
check-if-array-is-sorted-and-rotated,Easy,1270,64,0
maximum-score-from-removing-stones,Medium,683,43,0
largest-merge-of-two-strings,Medium,409,59,0
closest-subsequence-sum,Hard,609,60,0
design-most-recently-used-queue,Medium,206,15,0
recyclable-and-low-fat-products,Easy,695,69,0
count-number-of-homogenous-substrings,Medium,524,42,0
minimum-limit-of-balls-in-a-bag,Medium,1485,40,0
minimum-degree-of-a-connected-trio-in-a-graph,Hard,256,258,0
buildings-with-an-ocean-view,Medium,972,127,0
longest-nice-substring,Easy,877,621,0
form-array-by-concatenating-subarrays-of-another-array,Medium,254,32,0
map-of-highest-peak,Medium,635,43,0
tree-of-coprimes,Hard,322,23,0
find-the-subtasks-that-did-not-execute,Hard,114,11,0
minimum-number-of-operations-to-move-all-balls-to-each-box,Medium,1757,66,0
maximum-score-from-performing-multiplication-operations,Hard,2267,505,0
maximize-palindrome-length-from-subsequences,Hard,449,8,0
sort-features-by-popularity,Medium,67,39,0
closest-dessert-cost,Medium,557,61,0
equal-sum-arrays-with-minimum-number-of-operations,Medium,739,25,0
car-fleet-ii,Hard,719,18,0
products-price-for-each-store,Easy,102,10,0
shortest-path-in-a-hidden-grid,Medium,132,57,0
check-if-number-is-a-sum-of-powers-of-three,Medium,774,27,0
sum-of-beauty-of-all-substrings,Medium,489,111,0
count-pairs-of-nodes,Hard,245,141,0
grand-slam-titles,Medium,169,4,0
minimum-elements-to-add-to-form-a-given-sum,Medium,192,163,0
number-of-restricted-paths-from-first-to-last-node,Medium,797,141,0
make-the-xor-of-all-segments-equal-to-zero,Hard,326,19,0
maximize-the-beauty-of-the-garden,Hard,61,5,0
primary-department-for-each-employee,Easy,81,39,0
maximum-average-pass-ratio,Medium,596,65,0
maximum-score-of-a-good-subarray,Hard,836,27,0
count-pairs-of-equal-substrings-with-minimum-difference,Medium,35,44,0
rearrange-products-table,Easy,502,34,0
design-authentication-manager,Medium,238,35,0
maximum-number-of-consecutive-values-you-can-make,Medium,587,43,0
maximize-score-after-n-operations,Hard,503,45,0
number-of-orders-in-the-backlog,Medium,218,199,0
maximum-value-at-a-given-index-in-a-bounded-array,Medium,696,108,0
count-pairs-with-xor-in-a-range,Hard,368,13,0
implement-trie-ii-prefix-tree,Medium,221,11,0
number-of-different-integers-in-a-string,Easy,430,82,0
minimum-number-of-operations-to-reinitialize-a-permutation,Medium,261,141,0
evaluate-the-bracket-pairs-of-a-string,Medium,380,32,0
maximize-number-of-nice-divisors,Hard,178,150,0
ad-free-sessions,Easy,61,47,0
minimum-path-cost-in-a-hidden-grid,Medium,69,20,0
find-interview-candidates,Medium,155,22,0
sentence-similarity-iii,Medium,288,50,0
count-nice-pairs-in-an-array,Medium,613,27,0
maximum-number-of-groups-getting-fresh-donuts,Hard,281,18,0
finding-the-users-active-minutes,Medium,607,225,0
minimum-absolute-sum-difference,Medium,784,61,0
number-of-different-subsequences-gcds,Hard,323,35,0
maximum-number-of-accepted-invitations,Medium,153,47,0
find-customers-with-positive-revenue-this-year,Easy,32,19,0
find-the-winner-of-the-circular-game,Medium,2056,38,0
minimum-sideway-jumps,Medium,807,35,0
finding-mk-average,Hard,302,93,0
faulty-sensor,Easy,51,49,0
queries-on-number-of-points-inside-a-circle,Medium,837,67,0
maximum-xor-for-each-query,Medium,555,45,0
minimum-number-of-operations-to-make-string-sorted,Hard,152,109,0
maximum-transaction-each-day,Medium,57,1,0
maximum-ice-cream-bars,Medium,441,182,0
single-threaded-cpu,Medium,1135,134,0
find-xor-sum-of-all-pairs-bitwise-and,Hard,430,37,0
remove-duplicates-from-an-unsorted-linked-list,Medium,302,10,0
frequency-of-the-most-frequent-element,Medium,1957,51,0
longest-substring-of-all-vowels-in-order,Medium,550,16,0
maximum-building-height,Hard,309,11,0
league-statistics,Medium,82,74,0
next-palindrome-using-same-digits,Hard,96,14,0
suspicious-bank-accounts,Medium,64,51,0
seat-reservation-manager,Medium,470,34,0
maximum-element-after-decreasing-and-rearranging,Medium,288,64,0
closest-room,Hard,396,17,0
splitting-a-string-into-descending-consecutive-values,Medium,385,90,0
minimum-adjacent-swaps-to-reach-the-kth-smallest-number,Medium,597,69,0
minimum-interval-to-include-each-query,Hard,574,14,0
distinct-numbers-in-each-subarray,Medium,95,6,0
convert-date-format,Easy,41,34,0
maximum-distance-between-a-pair-of-values,Medium,918,20,0
maximum-subarray-min-product,Medium,1059,77,0
largest-color-value-in-a-directed-graph,Hard,614,18,0
longest-word-with-all-prefixes,Medium,135,4,0
incremental-memory-leak,Medium,162,69,0
rotating-the-box,Medium,755,47,0
sum-of-floored-pairs,Hard,356,32,0
minimum-number-of-swaps-to-make-the-binary-string-alternating,Medium,460,29,0
finding-pairs-with-a-certain-sum,Medium,439,87,0
number-of-ways-to-rearrange-sticks-with-k-sticks-visible,Hard,558,11,0
orders-with-maximum-quantity-above-average,Medium,54,206,0
product-of-two-run-length-encoded-arrays,Medium,272,45,0
minimum-speed-to-arrive-on-time,Medium,659,90,0
jump-game-vii,Medium,1186,67,0
stone-game-viii,Hard,344,16,0
calculate-special-bonus,Easy,624,48,0
minimize-product-sum-of-two-arrays,Medium,194,23,0
group-employees-of-the-same-salary,Medium,51,5,0
minimize-maximum-pair-sum-in-array,Medium,930,228,0
get-biggest-three-rhombus-sums-in-a-grid,Medium,148,438,0
minimum-xor-sum-of-two-arrays,Hard,517,10,0
maximum-value-after-insertion,Medium,293,50,0
process-tasks-using-servers,Medium,724,206,0
minimum-skips-to-arrive-at-meeting-on-time,Hard,261,44,0
egg-drop-with-2-eggs-and-n-floors,Medium,1043,89,0
count-pairs-in-two-arrays,Medium,137,8,0
determine-whether-matrix-can-be-obtained-by-rotation,Easy,1018,83,0
reduction-operations-to-make-the-array-elements-equal,Medium,412,19,0
minimum-number-of-flips-to-make-the-binary-string-alternating,Medium,854,30,0
minimum-space-wasted-from-packaging,Hard,308,31,0
the-latest-login-in-2020,Easy,241,5,0
cutting-ribbons,Medium,473,30,0
page-recommendations-ii,Hard,63,17,0
find-the-student-that-will-replace-the-chalk,Medium,422,52,0
largest-magic-square,Medium,227,227,0
minimum-cost-to-change-the-final-value-of-expression,Hard,194,38,0
maximum-number-of-removable-characters,Medium,736,84,0
merge-triplets-to-form-target-triplet,Medium,487,38,0
the-earliest-and-latest-rounds-where-players-compete,Hard,200,17,0
find-a-peak-element-ii,Medium,1145,86,0
depth-of-bst-given-insertion-order,Medium,77,11,0
the-number-of-full-rounds-you-have-played,Medium,177,235,0
count-sub-islands,Medium,1517,46,0
minimum-absolute-difference-queries,Medium,444,30,0
count-salary-categories,Medium,49,19,0
game-of-nim,Medium,36,17,0
remove-all-occurrences-of-a-substring,Medium,1028,43,0
maximum-alternating-subsequence-sum,Medium,853,16,0
design-movie-rental-system,Hard,186,32,0
cyclically-rotating-a-grid,Medium,195,251,0
number-of-wonderful-substrings,Medium,754,50,0
count-ways-to-build-rooms-in-an-ant-colony,Hard,360,44,0
leetcodify-friends-recommendations,Hard,47,25,0
kth-smallest-subarray-sum,Medium,155,5,0
leetcodify-similar-friends,Hard,42,6,0
eliminate-maximum-number-of-monsters,Medium,394,60,0
count-good-numbers,Medium,575,274,0
longest-common-subpath,Hard,398,31,0
erect-the-fence-ii,Hard,10,36,0
nearest-exit-from-entrance-in-maze,Medium,1667,59,0
sum-game,Medium,393,57,0
minimum-cost-to-reach-destination-in-time,Hard,604,12,0
unique-length-3-palindromic-subsequences,Medium,561,16,0
painting-a-grid-with-three-different-colors,Hard,383,20,0
merge-bsts-to-create-single-bst,Hard,390,31,0
check-if-string-is-decomposable-into-value-equal-substrings,Easy,41,11,0
confirmation-rate,Medium,46,14,0
add-minimum-number-of-rungs,Medium,279,22,0
maximum-number-of-points-with-cost,Medium,1985,123,0
maximum-genetic-difference-query,Hard,303,14,0
users-that-actively-request-confirmation-messages,Easy,40,33,0
longest-common-subsequence-between-sorted-arrays,Medium,114,5,0
the-number-of-the-smallest-unoccupied-chair,Medium,462,20,0
describe-the-painting,Medium,369,23,0
number-of-visible-people-in-a-queue,Hard,1185,31,0
largest-number-after-mutating-substring,Medium,170,188,0
maximum-compatibility-score-sum,Medium,604,12,0
delete-duplicate-folders-in-system,Hard,247,61,0
strong-friendship,Medium,113,61,0
maximum-of-minimum-values-in-all-subarrays,Medium,116,43,0
all-the-pairs-with-the-maximum-number-of-common-followers,Medium,67,6,0
maximum-number-of-weeks-for-which-you-can-work,Medium,512,114,0
minimum-garden-perimeter-to-collect-enough-apples,Medium,277,76,0
count-number-of-special-subsequences,Hard,427,7,0
minimum-time-for-k-virus-variants-to-spread,Hard,24,6,0
check-if-move-is-legal,Medium,98,203,0
minimum-total-space-wasted-with-k-resizing-operations,Medium,465,39,0
maximum-product-of-the-length-of-two-palindromic-substrings,Hard,177,35,0
remove-stones-to-minimize-the-total,Medium,419,27,0
minimum-number-of-swaps-to-make-the-string-balanced,Medium,1201,42,0
find-the-longest-valid-obstacle-course-at-each-position,Hard,439,6,0
employees-with-missing-information,Easy,423,26,0
binary-searchable-numbers-in-an-unsorted-array,Medium,52,6,0
array-with-elements-not-equal-to-average-of-neighbors,Medium,379,27,0
minimum-non-zero-product-of-the-array-elements,Medium,167,317,0
last-day-where-you-can-still-cross,Hard,551,11,0
find-if-path-exists-in-graph,Easy,1745,93,0
first-and-last-call-on-the-same-day,Hard,100,34,0
count-nodes-equal-to-sum-of-descendants,Medium,125,3,0
maximum-matrix-sum,Medium,415,18,0
number-of-ways-to-arrive-at-destination,Medium,1484,45,0
number-of-ways-to-separate-numbers,Hard,351,45,0
employees-whose-manager-left-the-company,Easy,43,7,0
find-unique-binary-string,Medium,779,34,0
minimize-the-difference-between-target-and-chosen-elements,Medium,678,119,0
find-array-given-subset-sums,Hard,416,32,0
widest-pair-of-indices-with-equal-range-sum,Medium,64,0,0
minimum-difference-between-highest-and-lowest-of-k-scores,Easy,576,93,0
find-the-kth-largest-integer-in-the-array,Medium,795,100,0
minimum-number-of-work-sessions-to-finish-the-tasks,Medium,800,53,0
number-of-unique-good-subsequences,Hard,522,9,0
find-cutoff-score-for-each-school,Medium,61,111,0
maximum-number-of-people-that-can-be-caught-in-tag,Medium,54,8,0
count-the-number-of-experiments,Medium,12,139,0
find-all-groups-of-farmland,Medium,588,21,0
operations-on-tree,Medium,303,53,0
the-number-of-good-subsets,Hard,323,9,0
the-number-of-weak-characters-in-the-game,Medium,2713,87,0
first-day-where-you-have-been-in-all-the-rooms,Medium,408,70,0
gcd-sort-of-an-array,Hard,368,8,0
smallest-greater-multiple-made-of-two-digits,Medium,23,3,0
number-of-pairs-of-interchangeable-rectangles,Medium,310,27,0
maximum-product-of-the-length-of-two-palindromic-subsequences,Medium,615,40,0
smallest-missing-genetic-value-in-each-subtree,Hard,349,19,0
the-number-of-seniors-and-juniors-to-join-the-company,Hard,78,11,0
subtree-removal-game-with-fibonacci-tree,Hard,11,34,0
maximum-earnings-from-taxi,Medium,888,17,0
minimum-number-of-operations-to-make-array-continuous,Hard,631,7,0
the-number-of-seniors-and-juniors-to-join-the-company-ii,Hard,20,9,0
sum-of-beauty-in-the-array,Medium,423,41,0
detect-squares,Medium,582,160,0
longest-subsequence-repeated-k-times,Hard,318,63,0
average-height-of-buildings-in-each-segment,Medium,36,22,0
grid-game,Medium,567,16,0
check-if-word-can-be-placed-in-crossword,Medium,227,268,0
the-score-of-students-solving-math-expression,Hard,197,70,0
number-of-accounts-that-did-not-stream,Medium,18,159,0
brightest-position-on-street,Medium,106,2,0
number-of-pairs-of-strings-with-concatenation-equal-to-target,Medium,461,43,0
maximize-the-confusion-of-an-exam,Medium,783,18,0
maximum-number-of-ways-to-partition-an-array,Hard,363,37,0
low-quality-problems,Easy,27,9,0
find-missing-observations,Medium,330,18,0
stone-game-ix,Medium,184,240,0
smallest-k-length-subsequence-with-occurrences-of-a-letter,Hard,351,9,0
count-subarrays-with-more-ones-than-zeros,Medium,126,12,0
minimum-operations-to-make-a-uni-value-grid,Medium,434,33,0
stock-price-fluctuation,Medium,872,48,0
partition-array-into-two-arrays-to-minimize-sum-difference,Hard,1631,93,0
maximum-alternating-subarray-sum,Medium,69,4,0
remove-colored-pieces-if-both-neighbors-are-the-same-color,Medium,348,32,0
the-time-when-the-network-becomes-idle,Medium,466,30,0
kth-smallest-product-of-two-sorted-arrays,Hard,487,29,0
accepted-candidates-from-the-interviews,Medium,30,24,0
simple-bank-system,Medium,148,156,0
count-number-of-maximum-bitwise-or-subsets,Medium,419,15,0
second-minimum-time-to-reach-destination,Hard,508,7,0
sort-linked-list-already-sorted-using-absolute-values,Medium,109,1,0
number-of-valid-words-in-a-sentence,Easy,199,629,0
next-greater-numerically-balanced-number,Medium,146,253,0
count-nodes-with-the-highest-score,Medium,707,41,0
parallel-courses-iii,Hard,552,17,0
the-category-of-each-member-in-the-store,Medium,36,6,0
minimum-cost-to-separate-sentence-into-rows,Medium,34,11,0
two-best-non-overlapping-events,Medium,576,14,0
plates-between-candles,Medium,788,30,0
number-of-valid-move-combinations-on-chessboard,Hard,47,240,0
find-the-minimum-and-maximum-number-of-nodes-between-critical-points,Medium,408,15,0
minimum-operations-to-convert-number,Medium,501,26,0
check-if-an-original-string-exists-given-two-encoded-strings,Hard,247,119,0
number-of-spaces-cleaning-robot-cleaned,Medium,68,19,0
vowels-of-all-substrings,Medium,584,20,0
minimized-maximum-of-products-distributed-to-any-store,Medium,642,23,0
maximum-path-quality-of-a-graph,Hard,450,33,0
account-balance,Medium,52,2,0
number-of-equal-count-substrings,Medium,76,6,0
walking-robot-simulation-ii,Medium,131,262,0
most-beautiful-item-for-each-query,Medium,426,11,0
maximum-number-of-tasks-you-can-assign,Hard,362,15,0
the-winner-university,Easy,44,2,0
reverse-nodes-in-even-length-groups,Medium,376,256,0
decode-the-slanted-ciphertext,Medium,199,39,0
process-restricted-friend-requests,Hard,479,12,0
paths-in-maze-that-lead-to-same-room,Medium,82,5,0
watering-plants,Medium,602,42,0
range-frequency-queries,Medium,472,22,0
sum-of-k-mirror-numbers,Hard,100,139,0
the-number-of-rich-customers,Easy,24,16,0
substrings-that-begin-and-end-with-the-same-letter,Medium,93,4,0
drop-type-1-orders-for-customers-with-type-0-orders,Medium,53,12,0
minimum-number-of-food-buckets-to-feed-the-hamsters,Medium,410,18,0
minimum-cost-homecoming-of-a-robot-in-a-grid,Medium,471,72,0
count-fertile-pyramids-in-a-land,Hard,256,8,0
k-radius-subarray-averages,Medium,421,16,0
removing-minimum-and-maximum-from-array,Medium,631,33,0
find-all-people-with-secret,Hard,651,25,0
minimum-cost-to-reach-city-with-discounts,Medium,131,8,0
step-by-step-directions-from-a-binary-tree-node-to-another,Medium,1860,94,0
valid-arrangement-of-pairs,Hard,350,15,0
subsequence-of-size-k-with-the-largest-even-sum,Medium,55,2,0
find-good-days-to-rob-the-bank,Medium,630,34,0
detonate-the-maximum-bombs,Medium,866,65,0
sequentially-ordinal-rank-tracker,Hard,284,35,0
sum-of-subarray-ranges,Medium,1513,83,0
watering-plants-ii,Medium,189,140,0
maximum-fruits-harvested-after-at-most-k-steps,Hard,408,15,0
number-of-unique-flavors-after-sharing-k-candies,Medium,56,2,0
adding-spaces-to-a-string,Medium,363,38,0
number-of-smooth-descent-periods-of-a-stock,Medium,486,19,0
minimum-operations-to-make-the-array-k-increasing,Hard,583,10,0
the-airport-with-the-most-traffic,Medium,36,6,0
elements-in-array-after-removing-and-replacing-elements,Medium,45,5,0
find-all-possible-recipes-from-given-supplies,Medium,1303,74,0
check-if-a-parentheses-string-can-be-valid,Medium,782,26,0
abbreviating-the-product-of-a-range,Hard,69,117,0
build-the-equation,Hard,13,25,0
execution-of-all-suffix-instructions-staying-in-a-grid,Medium,380,37,0
intervals-between-identical-elements,Medium,670,27,0
recover-the-original-array,Hard,309,28,0
minimum-operations-to-remove-adjacent-ones-in-matrix,Hard,36,7,0
number-of-laser-beams-in-a-bank,Medium,581,54,0
destroying-asteroids,Medium,303,139,0
maximum-employees-to-be-invited-to-a-meeting,Hard,722,13,0
remove-all-ones-with-row-and-column-flips,Medium,423,165,0
maximum-twin-sum-of-a-linked-list,Medium,1383,38,0
longest-palindrome-by-concatenating-two-letter-words,Medium,2027,39,0
stamping-the-grid,Hard,300,30,0
minimum-swaps-to-group-all-1s-together-ii,Medium,820,12,0
count-words-obtained-after-adding-a-letter,Medium,553,128,0
earliest-possible-day-of-full-bloom,Hard,1329,73,0
pour-water-between-buckets-to-make-water-levels-equal,Medium,72,5,0
minimum-moves-to-reach-target-score,Medium,721,12,0
solving-questions-with-brainpower,Medium,708,14,0
maximum-running-time-of-n-computers,Hard,574,13,0
the-number-of-passengers-in-each-bus-i,Medium,67,8,0
choose-numbers-from-two-arrays-in-range,Hard,24,4,0
count-the-hidden-sequences,Medium,416,42,0
k-highest-ranked-items-within-a-price-range,Medium,358,135,0
number-of-ways-to-divide-a-long-corridor,Hard,286,25,0
rearrange-array-elements-by-sign,Medium,1068,61,0
find-all-lonely-numbers-in-the-array,Medium,389,44,0
maximum-good-people-based-on-statements,Hard,381,71,0
minimum-number-of-lines-to-cover-points,Medium,42,8,0
the-number-of-passengers-in-each-bus-ii,Hard,47,22,0
all-divisions-with-the-highest-score-of-a-binary-array,Medium,398,11,0
find-substring-with-given-hash-value,Hard,360,360,0
groups-of-strings,Hard,348,45,0
amount-of-new-area-painted-each-day,Hard,324,35,0
order-two-columns-independently,Medium,42,15,0
partition-array-according-to-given-pivot,Medium,626,46,0
minimum-cost-to-set-cooking-time,Medium,169,561,0
minimum-difference-in-sums-after-removal-of-elements,Hard,507,13,0
smallest-value-of-the-rearranged-number,Medium,463,13,0
design-bitset,Medium,464,43,0
minimum-time-to-remove-all-cars-containing-illegal-goods,Hard,575,10,0
unique-substrings-with-equal-digit-frequency,Medium,50,5,0
minimum-operations-to-make-the-array-alternating,Medium,467,298,0
removing-minimum-number-of-magic-beans,Medium,660,39,0
maximum-and-sum-of-array,Hard,365,19,0
longest-winning-streak,Hard,65,2,0
remove-all-ones-with-row-and-column-flips-ii,Medium,71,20,0
the-change-in-global-rankings,Medium,21,9,0
find-three-consecutive-integers-that-sum-to-a-given-number,Medium,459,146,0
maximum-split-of-positive-even-integers,Medium,608,63,0
count-good-triplets-in-an-array,Hard,441,15,0
merge-nodes-in-between-zeros,Medium,1015,20,0
construct-string-with-repeat-limit,Medium,481,29,0
count-array-pairs-divisible-by-k,Hard,610,31,0
number-of-ways-to-build-sturdy-brick-wall,Medium,112,70,0
minimum-number-of-steps-to-make-two-strings-anagram-ii,Medium,371,9,0
minimum-time-to-complete-trips,Medium,776,44,0
minimum-time-to-finish-the-race,Hard,446,18,0
number-of-ways-to-build-house-of-cards,Medium,50,6,0
sort-the-jumbled-numbers,Medium,291,38,0
all-ancestors-of-a-node-in-a-directed-acyclic-graph,Medium,692,9,0
minimum-number-of-moves-to-make-palindrome,Hard,613,61,0
append-k-integers-with-minimal-sum,Medium,488,260,0
create-binary-tree-from-descriptions,Medium,658,15,0
replace-non-coprime-numbers-in-array,Hard,341,9,0
number-of-single-divisor-triplets,Medium,19,6,0
finding-the-topic-of-each-post,Hard,22,10,0
find-all-k-distant-indices-in-an-array,Easy,286,47,0
count-artifacts-that-can-be-extracted,Medium,155,168,0
maximize-the-topmost-element-after-k-moves,Medium,413,249,0
minimum-weighted-subgraph-with-the-required-paths,Hard,519,14,0
distance-to-a-cycle-in-undirected-graph,Hard,70,7,0
the-number-of-users-that-are-eligible-for-discount,Easy,16,47,0
maximize-number-of-subsequences-in-a-string,Medium,352,20,0
minimum-operations-to-halve-array-sum,Medium,315,13,0
minimum-white-tiles-after-covering-with-carpets,Hard,394,16,0
count-collisions-on-a-road,Medium,403,189,0
maximum-points-in-an-archery-competition,Medium,362,35,0
longest-substring-of-one-repeating-character,Hard,210,78,0
minimum-health-to-beat-game,Medium,221,134,0
minimum-deletions-to-make-array-beautiful,Medium,532,82,0
find-palindrome-with-fixed-length,Medium,464,196,0
maximum-value-of-k-coins-from-piles,Hard,692,11,0
maximum-sum-score-of-array,Medium,45,13,0
number-of-ways-to-select-buildings,Medium,703,29,0
sum-of-scores-of-built-strings,Hard,169,168,0
find-players-with-zero-or-one-losses,Medium,1232,86,0
maximum-candies-allocated-to-k-children,Medium,578,28,0
encrypt-and-decrypt-strings,Hard,267,48,0
users-with-two-purchases-within-seven-days,Medium,35,6,0
check-if-an-array-is-consecutive,Easy,55,7,0
the-users-that-are-eligible-for-discount,Easy,11,22,0
minimize-result-by-adding-parentheses-to-expression,Medium,154,283,0
maximum-product-after-k-increments,Medium,473,34,0
maximum-total-beauty-of-the-gardens,Hard,327,32,0
count-positions-on-street-with-required-brightness,Medium,45,5,0
number-of-times-a-driver-was-a-passenger,Medium,38,2,0
number-of-ways-to-buy-pens-and-pencils,Medium,293,19,0
design-an-atm-machine,Medium,152,220,0
maximum-score-of-a-node-sequence,Hard,418,9,0
minimum-rounds-to-complete-all-tasks,Medium,513,12,0
maximum-trailing-zeros-in-a-cornered-path,Medium,140,354,0
longest-path-with-different-adjacent-characters,Hard,581,14,0
maximum-cost-of-trip-with-k-highways,Hard,41,0,0
count-lattice-points-inside-a-circle,Medium,165,190,0
count-number-of-rectangles-containing-each-point,Medium,372,119,0
number-of-flowers-in-full-bloom,Hard,441,10,0
dynamic-pivoting-of-a-table,Hard,17,5,0
dynamic-unpivoting-of-a-table,Hard,8,5,0
design-video-sharing-platform,Hard,40,4,0
minimum-average-difference,Medium,1305,150,0
count-unguarded-cells-in-the-grid,Medium,321,30,0
escape-the-spreading-fire,Hard,465,17,0
minimum-consecutive-cards-to-pick-up,Medium,525,16,0
k-divisible-elements-subarrays,Medium,380,119,0
total-appeal-of-a-string,Hard,759,17,0
make-array-non-decreasing-or-non-increasing,Hard,51,3,0
count-nodes-equal-to-average-of-subtree,Medium,876,19,0
count-number-of-texts,Medium,630,20,0
check-if-there-is-a-valid-parentheses-string-path,Hard,409,4,0
minimum-number-of-keypresses,Medium,130,23,0
number-of-ways-to-split-array,Medium,346,30,0
maximum-white-tiles-covered-by-a-carpet,Medium,599,36,0
substring-with-largest-variance,Hard,627,77,0
maximum-consecutive-floors-without-special-floors,Medium,273,26,0
largest-combination-with-bitwise-and-greater-than-zero,Medium,397,11,0
count-integers-in-intervals,Hard,398,50,0
closest-node-to-path-in-tree,Hard,76,1,0
maximum-bags-with-full-capacity-of-rocks,Medium,424,18,0
minimum-lines-to-represent-a-line-chart,Medium,253,432,0
sum-of-total-strength-of-wizards,Hard,843,75,0
number-of-people-that-can-be-seen-in-a-grid,Medium,39,15,0
sender-with-largest-word-count,Medium,282,22,0
maximum-total-importance-of-roads,Medium,485,16,0
booking-concert-tickets-in-groups,Hard,224,45,0
apply-discount-to-prices,Medium,132,965,0
steps-to-make-array-non-decreasing,Medium,923,103,0
minimum-obstacle-removal-to-reach-corner,Hard,642,13,0
maximum-profit-from-trading-stocks,Medium,83,1,0
products-with-three-or-more-orders-in-two-consecutive-years,Medium,34,17,0
partition-array-such-that-maximum-difference-is-k,Medium,490,16,0
replace-elements-in-an-array,Medium,427,21,0
jump-game-viii,Medium,54,7,0
tasks-count-in-the-weekend,Medium,22,7,0
successful-pairs-of-spells-and-potions,Medium,409,12,0
match-substring-after-replacement,Hard,303,67,0
count-subarrays-with-score-less-than-k,Hard,643,14,0
calculate-amount-paid-in-taxes,Easy,158,203,0
minimum-path-cost-in-a-grid,Medium,542,81,0
fair-distribution-of-cookies,Medium,705,38,0
naming-a-company,Hard,335,18,0
check-for-contradictions-in-equations,Hard,19,12,0
arrange-table-by-gender,Medium,34,9,0
sum-of-numbers-with-units-digit-k,Medium,287,276,0
longest-binary-subsequence-less-than-or-equal-to-k,Medium,534,40,0
selling-pieces-of-wood,Hard,426,8,0
minimum-flips-in-binary-tree-to-get-result,Hard,35,0,0
the-first-day-of-the-maximum-recorded-degree-in-each-city,Medium,25,2,0
count-unreachable-pairs-of-nodes-in-an-undirected-graph,Medium,504,14,0
maximum-xor-after-operations,Medium,353,129,0
number-of-distinct-roll-sequences,Hard,346,12,0
count-number-of-ways-to-place-houses,Medium,405,179,0
maximum-score-of-spliced-array,Hard,611,9,0
minimum-score-after-removals-on-a-tree,Hard,340,12,0
find-minimum-time-to-finish-all-jobs-ii,Medium,20,7,0
product-sales-analysis-iv,Medium,22,1,0
spiral-matrix-iv,Medium,389,18,0
number-of-people-aware-of-a-secret,Medium,557,95,0
number-of-increasing-paths-in-a-grid,Hard,589,14,0
product-sales-analysis-v,Easy,13,5,0
valid-palindrome-iv,Medium,41,14,0
the-latest-time-to-catch-a-bus,Medium,249,576,0
minimum-sum-of-squared-difference,Medium,458,29,0
subarray-with-elements-greater-than-varying-threshold,Hard,388,5,0
smallest-number-in-infinite-set,Medium,296,26,0
move-pieces-to-obtain-a-string,Medium,487,36,0
count-the-number-of-ideal-arrays,Hard,354,23,0
all-the-matches-of-the-league,Easy,21,3,0
minimum-adjacent-swaps-to-make-a-valid-array,Medium,61,11,0
max-sum-of-a-pair-with-equal-sum-of-digits,Medium,433,7,0
query-kth-smallest-trimmed-number,Medium,188,347,0
minimum-deletions-to-make-array-divisible,Hard,385,106,0
finding-the-number-of-visible-mountains,Medium,54,19,0
compute-the-rank-as-a-percentage,Medium,14,38,0
best-poker-hand,Easy,231,13,0
number-of-zero-filled-subarrays,Medium,351,12,0
design-a-number-container-system,Medium,265,17,0
shortest-impossible-sequence-of-rolls,Hard,477,37,0
equal-row-and-column-pairs,Medium,361,11,0
design-a-food-rating-system,Medium,405,88,0
number-of-excellent-pairs,Hard,469,15,0
maximum-number-of-books-you-can-take,Hard,115,12,0
number-of-unique-subjects-taught-by-each-teacher,Easy,21,4,0
maximum-number-of-groups-entering-a-competition,Medium,399,77,0
find-closest-node-to-given-two-nodes,Medium,409,86,0
longest-cycle-in-a-graph,Hard,617,8,0
minimum-costs-using-the-train-line,Hard,63,12,0
generate-the-invoice,Hard,13,17,0
count-number-of-bad-pairs,Medium,595,17,0
task-scheduler-ii,Medium,347,24,0
minimum-replacements-to-sort-the-array,Hard,394,7,0
reachable-nodes-with-restrictions,Medium,384,18,0
check-if-there-is-a-valid-partition-for-the-array,Medium,470,91,0
longest-ideal-subsequence,Medium,574,18,0
minimize-maximum-value-in-a-grid,Hard,30,1,0
calculate-the-influence-of-each-salesperson,Medium,16,4,0
largest-local-values-in-a-matrix,Easy,368,33,0
node-with-highest-edge-score,Medium,284,23,0
construct-smallest-number-from-di-string,Medium,580,20,0
count-special-integers,Hard,410,29,0
sort-the-olympic-table,Easy,18,1,0
choose-edges-to-maximize-score-in-a-tree,Medium,26,5,0
minimum-recolors-to-get-k-consecutive-black-blocks,Easy,389,13,0
time-needed-to-rearrange-a-binary-string,Medium,312,88,0
shifting-letters-ii,Medium,510,17,0
maximum-segment-sum-after-removals,Hard,336,4,0
minimum-hours-of-training-to-win-a-competition,Easy,213,212,0
largest-palindromic-number,Medium,401,168,0
amount-of-time-for-binary-tree-to-be-infected,Medium,757,11,0
find-the-k-sum-of-an-array,Hard,416,12,0
median-of-a-row-wise-sorted-matrix,Medium,32,3,0
change-null-values-in-a-table-to-the-previous-value,Medium,29,10,0
longest-subsequence-with-limited-sum,Easy,439,55,0
removing-stars-from-a-string,Medium,535,30,0
minimum-amount-of-time-to-collect-garbage,Medium,420,44,0
build-a-matrix-with-conditions,Hard,575,3,0
count-strictly-increasing-subarrays,Medium,53,0,0
employees-with-deductions,Medium,13,19,0
find-subarrays-with-equal-sum,Easy,279,12,0
strictly-palindromic-number,Medium,247,670,0
maximum-rows-covered-by-columns,Medium,187,335,0
maximum-number-of-robots-within-budget,Hard,538,10,0
check-distances-between-same-letters,Easy,270,18,0
number-of-ways-to-reach-a-position-after-exactly-k-steps,Medium,462,49,0
longest-nice-subarray,Medium,656,14,0
meeting-rooms-iii,Hard,404,26,0
minimum-time-to-kill-all-monsters,Hard,21,3,0
most-frequent-even-element,Easy,446,12,0
optimal-partition-of-string,Medium,380,16,0
divide-intervals-into-minimum-number-of-groups,Medium,516,7,0
longest-increasing-subsequence-ii,Hard,471,19,0
design-sql,Medium,14,25,0
count-days-spent-together,Easy,177,503,0
maximum-matching-of-players-with-trainers,Medium,243,9,0
smallest-subarrays-with-maximum-bitwise-or,Medium,364,18,0
minimum-money-required-before-transactions,Hard,298,30,0
smallest-even-multiple,Easy,363,32,0
length-of-the-longest-alphabetical-continuous-substring,Medium,266,21,0
reverse-odd-levels-of-binary-tree,Medium,523,18,0
sum-of-prefix-scores-of-strings,Hard,471,38,0
closest-fair-integer,Medium,19,8,0
sort-the-people,Easy,549,4,0
longest-subarray-with-maximum-bitwise-and,Medium,298,24,0
find-all-good-indices,Medium,443,24,0
number-of-good-paths,Hard,528,15,0
merge-operations-to-turn-array-into-a-palindrome,Medium,35,2,0
remove-letter-to-equalize-frequency,Easy,270,610,0
longest-uploaded-prefix,Medium,212,13,0
bitwise-xor-of-all-pairings,Medium,247,8,0
number-of-pairs-satisfying-inequality,Hard,286,4,0
number-of-common-factors,Easy,278,3,0
maximum-sum-of-an-hourglass,Medium,256,25,0
minimize-xor,Medium,294,16,0
maximum-deletions-on-a-string,Hard,337,37,0
maximize-total-tastiness-of-purchased-fruits,Medium,37,0,0
the-employee-that-worked-on-the-longest-task,Easy,176,41,0
find-the-original-array-of-prefix-xor,Medium,300,16,0
using-a-robot-to-print-the-lexicographically-smallest-string,Medium,484,122,0
paths-in-matrix-whose-sum-is-divisible-by-k,Hard,490,19,0
minimum-split-into-subarrays-with-gcd-greater-than-one,Medium,19,7,0
number-of-valid-clock-times,Easy,146,148,0
range-product-queries-of-powers,Medium,216,39,0
minimize-maximum-of-array,Medium,374,47,0
create-components-with-same-value,Hard,239,2,0
largest-positive-integer-that-exists-with-its-negative,Easy,263,3,0
count-number-of-distinct-integers-after-reverse-operations,Medium,282,27,0
sum-of-number-and-its-reverse,Medium,176,235,0
count-subarrays-with-fixed-bounds,Hard,558,10,0
number-of-nodes-with-value-one,Medium,35,1,0
determine-if-two-events-have-conflict,Easy,214,36,0
number-of-subarrays-with-gcd-equal-to-k,Medium,270,52,0
minimum-cost-to-make-array-equal,Hard,498,10,0
minimum-number-of-operations-to-make-arrays-similar,Hard,256,10,0
number-of-distinct-binary-strings-after-applying-operations,Medium,20,4,0
odd-string-difference,Easy,189,67,0
words-within-two-edits-of-dictionary,Medium,166,8,0
destroy-sequential-targets,Medium,302,11,0
next-greater-element-iv,Hard,343,2,0
average-value-of-even-numbers-that-are-divisible-by-three,Easy,171,13,0
most-popular-video-creator,Medium,167,303,0
minimum-addition-to-make-integer-beautiful,Medium,381,19,0
height-of-binary-tree-after-subtree-removal-queries,Hard,362,10,0
sort-array-by-moving-items-to-empty-space,Hard,16,0,0
apply-operations-to-an-array,Easy,255,12,0
maximum-sum-of-distinct-subarrays-with-length-k,Medium,466,5,0
total-cost-to-hire-k-workers,Medium,360,53,0
minimum-total-distance-traveled,Hard,303,3,0
minimum-subarrays-in-a-valid-split,Medium,15,2,0
number-of-distinct-averages,Easy,160,12,0
count-ways-to-build-good-strings,Medium,270,19,0
most-profitable-path-in-a-tree,Medium,250,24,0
split-message-based-on-limit,Hard,65,85,0
convert-the-temperature,Easy,163,109,0
number-of-subarrays-with-lcm-equal-to-k,Medium,235,23,0
minimum-number-of-operations-to-sort-a-binary-tree-by-level,Medium,302,8,0
maximum-number-of-non-overlapping-palindrome-substrings,Hard,271,7,0
minimum-cost-to-buy-apples,Medium,25,0,0
customers-with-strictly-increasing-purchases,Hard,10,2,0
number-of-unequal-triplets-in-array,Easy,168,12,0
closest-nodes-queries-in-a-binary-search-tree,Medium,234,74,0
minimum-fuel-cost-to-report-to-the-capital,Medium,351,9,0
number-of-beautiful-partitions,Hard,203,11,0
maximum-xor-of-two-non-overlapping-subtrees,Hard,15,2,0
form-a-chemical-bond,Easy,6,3,0
minimum-cuts-to-divide-a-circle,Easy,94,22,0
difference-between-ones-and-zeros-in-row-and-column,Medium,154,8,0
minimum-penalty-for-a-shop,Medium,197,3,0
count-palindromic-subsequences,Hard,216,7,0
find-the-pivot-integer,Easy,181,4,0
append-characters-to-string-to-make-subsequence,Medium,183,7,0
remove-nodes-from-linked-list,Medium,305,4,0
count-subarrays-with-median-k,Hard,311,5,0
number-of-substrings-with-fixed-ratio,Medium,17,0,0
circular-sentence,Easy,157,1,0
divide-players-into-teams-of-equal-skill,Medium,203,1,0
minimum-score-of-a-path-between-two-cities,Medium,226,33,0
divide-nodes-into-the-maximum-number-of-groups,Hard,196,13,0
merge-overlapping-events-in-the-same-hall,Hard,7,1,0
number-of-subarrays-having-even-product,Medium,24,0,0
maximum-value-of-a-string-in-an-array,Easy,96,0,0
maximum-star-sum-of-a-graph,Medium,139,12,0
frog-jump-ii,Medium,168,40,0
minimum-total-cost-to-make-arrays-unequal,Hard,92,4,0
delete-greatest-value-in-each-row,Easy,122,7,0
longest-square-streak-in-an-array,Medium,202,2,0
design-memory-allocator,Medium,106,55,0
maximum-number-of-points-from-grid-queries,Hard,210,8,0
concatenate-the-name-and-the-profession,Easy,6,1,0